transaction_id,sale_date,store_id,customer_id,sku_id,units,net_revenue,discount_amount,cost,channel,campaign_id
T0000001,2025-01-01,ST020,C00259,SKU034,1,118.68,0.0,43.0,Store,
T0000002,2025-01-01,ST018,C00221,SKU047,1,53.86,0.0,25.5,Ecom,
T0000003,2025-01-01,ST013,C00161,SKU027,1,68.54,0.0,25.5,Store,
T0000004,2025-01-01,ST016,,SKU005,1,54.12,2.46,20.5,Store,CMP024
T0000005,2025-01-01,ST005,,SKU036,3,352.51,34.56,144.0,Store,
T0000006,2025-01-01,ST012,C00217,SKU043,2,85.56,0.0,31.0,Store,
T0000007,2025-01-02,ST012,C00109,SKU007,1,67.32,3.06,25.5,Store,CMP004
T0000008,2025-01-02,ST018,,SKU024,1,38.02,0.0,18.0,Ecom,
T0000009,2025-01-02,ST020,C00286,SKU040,1,22.08,0.0,8.0,Store,CMP009
T0000010,2025-01-02,ST010,C00093,SKU022,2,48.67,6.24,26.0,Store,
T0000011,2025-01-02,ST001,C00111,SKU006,1,59.06,2.76,23.0,Store,
T0000012,2025-01-02,ST011,C00044,SKU050,2,145.73,0.0,66.0,Store,CMP020
T0000013,2025-01-03,ST003,C00218,SKU018,1,110.66,6.36,53.0,Store,
T0000014,2025-01-03,ST017,C00057,SKU008,1,68.54,6.72,28.0,Store,
T0000015,2025-01-03,ST002,C00029,SKU015,1,96.1,0.0,45.5,Ecom,
T0000016,2025-01-03,ST009,C00004,SKU019,1,142.52,6.66,55.5,Store,CMP013
T0000017,2025-01-03,ST008,C00182,SKU033,1,111.78,0.0,40.5,Store,
T0000018,2025-01-03,ST003,C00294,SKU021,1,21.92,1.26,10.5,Store,
T0000019,2025-01-04,ST011,C00236,SKU011,2,156.77,0.0,71.0,Store,CMP004
T0000020,2025-01-04,ST019,C00203,SKU026,2,101.57,0.0,46.0,Store,CMP006
T0000021,2025-01-04,ST004,C00179,SKU034,1,118.68,0.0,43.0,Store,CMP005
T0000022,2025-01-04,ST006,C00039,SKU039,1,110.56,6.66,55.5,Store,
T0000023,2025-01-04,ST019,C00290,SKU029,1,60.02,7.32,30.5,Ecom,
T0000024,2025-01-04,ST011,C00241,SKU010,1,72.86,0.0,33.0,Store,
T0000025,2025-01-04,ST012,,SKU033,1,111.78,0.0,40.5,Store,CMP010
T0000026,2025-01-04,ST003,C00197,SKU040,1,15.74,1.92,8.0,Ecom,
T0000027,2025-01-04,ST002,C00293,SKU029,1,64.42,0.0,30.5,Store,
T0000028,2025-01-04,ST002,,SKU029,2,128.83,0.0,61.0,Store,
T0000029,2025-01-05,ST006,C00225,SKU003,3,87.05,11.16,46.5,Store,
T0000030,2025-01-05,ST012,C00174,SKU019,1,153.18,0.0,55.5,Store,
T0000031,2025-01-05,ST003,,SKU022,1,28.7,0.0,13.0,Ecom,CMP022
T0000032,2025-01-05,ST020,C00299,SKU010,1,91.08,0.0,33.0,Store,
T0000033,2025-01-05,ST013,C00044,SKU009,1,78.32,3.66,30.5,Store,
T0000034,2025-01-05,ST005,C00270,SKU043,1,39.8,1.86,15.5,Store,
T0000035,2025-01-05,ST010,C00175,SKU012,3,227.09,13.68,114.0,Store,CMP005
T0000036,2025-01-05,ST010,C00277,SKU007,2,95.47,12.24,51.0,Ecom,CMP011
T0000037,2025-01-05,ST020,C00079,SKU009,1,76.86,7.32,30.5,Store,
T0000038,2025-01-05,ST015,C00122,SKU003,3,91.51,11.16,46.5,Ecom,
T0000039,2025-01-06,ST015,C00159,SKU015,3,285.01,16.38,136.5,Store,
T0000040,2025-01-06,ST019,C00145,SKU029,2,120.05,14.64,61.0,Ecom,
T0000041,2025-01-06,ST007,C00129,SKU039,1,115.88,6.66,55.5,Store,
T0000042,2025-01-06,ST004,C00064,SKU046,1,63.48,0.0,23.0,Store,CMP017
T0000043,2025-01-06,ST014,C00114,SKU006,2,97.15,0.0,46.0,Store,
T0000044,2025-01-06,ST013,C00198,SKU033,3,326.59,0.0,121.5,Ecom,CMP011
T0000045,2025-01-07,ST011,C00147,SKU010,2,137.81,7.92,66.0,Store,
T0000046,2025-01-07,ST016,C00041,SKU029,1,84.18,0.0,30.5,Store,
T0000047,2025-01-07,ST020,C00148,SKU034,1,118.68,0.0,43.0,Store,CMP014
T0000048,2025-01-07,ST020,,SKU030,2,174.24,7.92,66.0,Store,
T0000049,2025-01-07,ST017,C00074,SKU037,1,135.74,0.0,50.5,Store,
T0000050,2025-01-07,ST014,C00044,SKU012,1,80.26,0.0,38.0,Store,CMP017
T0000051,2025-01-08,ST017,,SKU036,2,258.05,0.0,96.0,Ecom,
T0000052,2025-01-08,ST009,,SKU048,2,150.53,0.0,56.0,Store,CMP022
T0000053,2025-01-08,ST019,C00069,SKU048,1,55.1,6.72,28.0,Store,
T0000054,2025-01-08,ST015,C00094,SKU045,2,90.53,0.0,41.0,Ecom,
T0000055,2025-01-08,ST002,C00103,SKU019,2,234.43,0.0,111.0,Store,
T0000056,2025-01-08,ST018,C00098,SKU031,1,74.98,0.0,35.5,Store,
T0000057,2025-01-09,ST004,C00205,SKU024,2,95.04,4.32,36.0,Store,
T0000058,2025-01-09,ST016,C00266,SKU024,1,49.68,0.0,18.0,Store,
T0000059,2025-01-09,ST020,C00165,SKU012,1,104.88,0.0,38.0,Store,
T0000060,2025-01-09,ST020,C00228,SKU046,1,63.48,0.0,23.0,Ecom,
T0000061,2025-01-09,ST020,C00030,SKU028,1,73.92,3.36,28.0,Ecom,
T0000062,2025-01-09,ST006,C00225,SKU002,1,27.46,0.0,13.0,Store,CMP021
T0000063,2025-01-10,ST013,,SKU037,1,129.68,6.06,50.5,Store,
T0000064,2025-01-10,ST003,C00188,SKU037,1,111.5,0.0,50.5,Store,CMP004
T0000065,2025-01-10,ST006,C00288,SKU032,1,80.26,0.0,38.0,Store,
T0000066,2025-01-10,ST020,C00252,SKU019,1,153.18,0.0,55.5,Store,
T0000067,2025-01-10,ST015,C00164,SKU006,1,50.78,0.0,23.0,Store,
T0000068,2025-01-10,ST010,C00090,SKU011,2,132.91,17.04,71.0,Ecom,CMP007
T0000069,2025-01-11,ST008,,SKU032,1,104.88,0.0,38.0,Ecom,
T0000070,2025-01-11,ST005,C00034,SKU040,1,20.54,0.96,8.0,Ecom,
T0000071,2025-01-11,ST019,C00163,SKU005,1,42.8,2.46,20.5,Store,
T0000072,2025-01-11,ST005,C00094,SKU050,2,177.41,0.0,66.0,Ecom,
T0000073,2025-01-11,ST002,C00156,SKU008,1,59.14,0.0,28.0,Store,
T0000074,2025-01-11,ST017,C00129,SKU019,1,135.86,13.32,55.5,Store,CMP021
T0000075,2025-01-11,ST018,C00087,SKU006,1,43.06,5.52,23.0,Store,CMP022
T0000076,2025-01-11,ST020,C00289,SKU022,1,35.88,0.0,13.0,Ecom,CMP021
T0000077,2025-01-11,ST009,C00293,SKU042,1,34.94,0.0,13.0,Store,
T0000078,2025-01-11,ST010,C00248,SKU042,1,25.9,1.56,13.0,Store,
T0000079,2025-01-12,ST002,C00248,SKU011,1,74.98,0.0,35.5,Store,
T0000080,2025-01-12,ST011,C00177,SKU047,3,168.91,0.0,76.5,Store,
T0000081,2025-01-12,ST004,C00063,SKU021,1,28.98,0.0,10.5,Store,CMP002
T0000082,2025-01-12,ST013,C00082,SKU040,2,39.17,3.84,16.0,Store,
T0000083,2025-01-12,ST006,C00240,SKU032,1,80.26,0.0,38.0,Store,
T0000084,2025-01-12,ST013,C00124,SKU033,1,108.86,0.0,40.5,Store,CMP010
T0000085,2025-01-12,ST016,C00056,SKU019,1,153.18,0.0,55.5,Ecom,
T0000086,2025-01-12,ST012,C00292,SKU003,1,42.78,0.0,15.5,Store,
T0000087,2025-01-12,ST017,C00144,SKU029,2,149.33,14.64,61.0,Store,
T0000088,2025-01-12,ST004,C00174,SKU026,1,63.48,0.0,23.0,Store,
T0000089,2025-01-13,ST017,C00024,SKU026,1,61.82,0.0,23.0,Store,
T0000090,2025-01-13,ST005,C00072,SKU039,1,135.86,13.32,55.5,Store,
T0000091,2025-01-13,ST020,C00173,SKU048,1,70.56,6.72,28.0,Store,
T0000092,2025-01-13,ST010,C00189,SKU031,1,74.98,0.0,35.5,Store,
T0000093,2025-01-13,ST001,C00297,SKU039,1,149.18,0.0,55.5,Store,
T0000094,2025-01-13,ST020,C00076,SKU050,2,182.16,0.0,66.0,Store,CMP023
T0000095,2025-01-14,ST001,C00078,SKU029,1,81.98,0.0,30.5,Ecom,
T0000096,2025-01-14,ST016,C00071,SKU048,1,70.56,6.72,28.0,Store,
T0000097,2025-01-14,ST017,C00089,SKU025,1,50.18,4.92,20.5,Store,
T0000098,2025-01-14,ST009,C00127,SKU040,1,21.5,0.0,8.0,Ecom,CMP010
T0000099,2025-01-14,ST007,C00163,SKU045,1,40.34,4.92,20.5,Ecom,
T0000100,2025-01-14,ST009,C00279,SKU019,1,142.52,6.66,55.5,Ecom,
T0000101,2025-01-15,ST005,,SKU019,3,447.55,0.0,166.5,Store,
T0000102,2025-01-15,ST009,C00104,SKU048,2,150.53,0.0,56.0,Store,
T0000103,2025-01-15,ST005,C00123,SKU007,1,62.42,6.12,25.5,Store,CMP008
T0000104,2025-01-15,ST014,C00052,SKU022,1,27.46,0.0,13.0,Ecom,CMP018
T0000105,2025-01-15,ST006,C00244,SKU027,1,53.86,0.0,25.5,Store,
T0000106,2025-01-15,ST010,,SKU042,2,48.67,6.24,26.0,Ecom,CMP024
T0000107,2025-01-16,ST002,C00091,SKU012,3,240.77,0.0,114.0,Store,
T0000108,2025-01-16,ST016,C00149,SKU012,2,209.76,0.0,76.0,Store,
T0000109,2025-01-16,ST011,C00279,SKU019,1,122.54,0.0,55.5,Store,
T0000110,2025-01-16,ST007,C00235,SKU008,1,61.82,0.0,28.0,Ecom,CMP011
T0000111,2025-01-16,ST019,C00090,SKU044,1,37.58,2.16,18.0,Store,
T0000112,2025-01-16,ST003,C00095,SKU026,3,144.07,8.28,69.0,Store,
T0000113,2025-01-17,ST009,C00137,SKU025,3,165.31,0.0,61.5,Store,
T0000114,2025-01-17,ST009,C00121,SKU042,1,34.94,0.0,13.0,Store,
T0000115,2025-01-17,ST017,C00061,SKU046,1,61.82,0.0,23.0,Store,
T0000116,2025-01-17,ST005,C00192,SKU031,1,86.9,8.52,35.5,Ecom,
T0000117,2025-01-17,ST007,C00042,SKU049,1,60.02,7.32,30.5,Store,
T0000118,2025-01-17,ST019,,SKU008,1,55.1,6.72,28.0,Store,CMP018
T0000119,2025-01-18,ST011,C00106,SKU034,2,179.57,10.32,86.0,Store,CMP017
T0000120,2025-01-18,ST002,C00213,SKU030,1,69.7,0.0,33.0,Store,
T0000121,2025-01-18,ST010,,SKU047,1,53.86,0.0,25.5,Store,
T0000122,2025-01-18,ST002,C00033,SKU028,1,59.14,0.0,28.0,Store,
T0000123,2025-01-18,ST016,C00093,SKU003,2,81.84,3.72,31.0,Ecom,
T0000124,2025-01-18,ST015,C00277,SKU025,1,45.26,0.0,20.5,Store,CMP018
T0000125,2025-01-18,ST005,C00002,SKU047,2,137.09,0.0,51.0,Store,
T0000126,2025-01-18,ST014,C00118,SKU035,1,96.1,0.0,45.5,Ecom,CMP007
T0000127,2025-01-18,ST004,C00215,SKU003,1,42.78,0.0,15.5,Store,CMP003
T0000128,2025-01-18,ST002,C00025,SKU029,1,64.42,0.0,30.5,Store,
T0000129,2025-01-19,ST007,C00029,SKU049,1,67.34,0.0,30.5,Store,CMP024
T0000130,2025-01-19,ST019,C00165,SKU039,1,122.54,0.0,55.5,Store,
T0000131,2025-01-19,ST014,C00286,SKU020,3,50.69,0.0,24.0,Store,
T0000132,2025-01-19,ST016,C00196,SKU004,2,99.36,0.0,36.0,Store,
T0000133,2025-01-19,ST010,C00276,SKU025,1,43.3,0.0,20.5,Store,
T0000134,2025-01-19,ST015,C00214,SKU004,1,39.74,0.0,18.0,Store,
T0000135,2025-01-19,ST011,,SKU042,1,28.7,0.0,13.0,Ecom,CMP024
T0000136,2025-01-19,ST002,C00021,SKU018,2,223.87,0.0,106.0,Store,
T0000137,2025-01-19,ST018,C00171,SKU014,1,90.82,0.0,43.0,Ecom,CMP007
T0000138,2025-01-19,ST004,C00246,SKU048,2,141.12,13.44,56.0,Store,
T0000139,2025-01-20,ST008,C00145,SKU036,1,120.96,11.52,48.0,Store,
T0000140,2025-01-20,ST012,C00239,SKU033,1,106.92,4.86,40.5,Store,
T0000141,2025-01-20,ST007,C00024,SKU024,1,39.74,0.0,18.0,Store,
T0000142,2025-01-20,ST018,C00214,SKU038,1,111.94,0.0,53.0,Store,
T0000143,2025-01-20,ST008,C00173,SKU032,1,100.32,4.56,38.0,Store,
T0000144,2025-01-20,ST016,C00181,SKU030,1,83.16,7.92,33.0,Ecom,
T0000145,2025-01-21,ST018,C00269,SKU042,1,27.46,0.0,13.0,Store,
T0000146,2025-01-21,ST001,C00119,SKU027,1,68.54,0.0,25.5,Store,CMP017
T0000147,2025-01-21,ST002,C00248,SKU040,1,16.9,0.0,8.0,Store,CMP018
T0000148,2025-01-21,ST001,C00275,SKU034,3,346.75,0.0,129.0,Store,
T0000149,2025-01-21,ST014,,SKU012,1,80.26,0.0,38.0,Store,CMP020
T0000150,2025-01-21,ST012,C00041,SKU018,1,139.92,6.36,53.0,Store,
T0000151,2025-01-22,ST008,C00042,SKU020,1,22.08,0.0,8.0,Store,CMP013
T0000152,2025-01-22,ST016,C00088,SKU004,1,47.52,2.16,18.0,Store,
T0000153,2025-01-22,ST004,C00118,SKU034,1,108.36,10.32,43.0,Store,
T0000154,2025-01-22,ST003,C00279,SKU044,1,39.74,0.0,18.0,Store,CMP011
T0000155,2025-01-22,ST007,C00204,SKU038,3,351.07,0.0,159.0,Store,CMP008
T0000156,2025-01-22,ST013,C00170,SKU044,1,48.38,0.0,18.0,Store,
T0000157,2025-01-23,ST003,C00178,SKU033,1,84.56,4.86,40.5,Store,CMP003
T0000158,2025-01-23,ST020,C00168,SKU039,1,153.18,0.0,55.5,Store,
T0000159,2025-01-23,ST008,C00193,SKU023,1,39.06,3.72,15.5,Store,
T0000160,2025-01-23,ST020,C00038,SKU019,1,153.18,0.0,55.5,Ecom,
T0000161,2025-01-23,ST005,C00185,SKU048,1,75.26,0.0,28.0,Store,
T0000162,2025-01-23,ST009,C00096,SKU007,1,62.42,6.12,25.5,Store,
T0000163,2025-01-24,ST001,C00048,SKU006,1,61.82,0.0,23.0,Store,
T0000164,2025-01-24,ST014,C00287,SKU025,2,86.59,0.0,41.0,Store,
T0000165,2025-01-24,ST013,C00155,SKU011,1,95.42,0.0,35.5,Store,CMP014
T0000166,2025-01-24,ST010,C00185,SKU031,1,74.98,0.0,35.5,Store,
T0000167,2025-01-24,ST020,C00070,SKU013,1,106.92,4.86,40.5,Store,
T0000168,2025-01-24,ST011,C00070,SKU029,1,60.02,7.32,30.5,Store,
T0000169,2025-01-25,ST011,C00164,SKU012,1,79.34,4.56,38.0,Ecom,
T0000170,2025-01-25,ST011,C00202,SKU025,1,40.34,4.92,20.5,Store,CMP018
T0000171,2025-01-25,ST018,C00237,SKU002,3,82.37,0.0,39.0,Store,
T0000172,2025-01-25,ST003,C00072,SKU027,1,56.3,0.0,25.5,Store,CMP005
T0000173,2025-01-25,ST013,C00246,SKU005,1,50.18,4.92,20.5,Ecom,
T0000174,2025-01-25,ST014,,SKU035,3,255.53,32.76,136.5,Ecom,
T0000175,2025-01-25,ST004,C00182,SKU050,1,83.16,7.92,33.0,Store,CMP021
T0000176,2025-01-25,ST013,C00221,SKU049,1,81.98,0.0,30.5,Ecom,CMP017
T0000177,2025-01-25,ST018,C00114,SKU038,1,105.58,6.36,53.0,Store,
T0000178,2025-01-25,ST017,C00013,SKU010,1,88.7,0.0,33.0,Ecom,
T0000179,2025-01-26,ST004,C00160,SKU047,1,70.38,0.0,25.5,Store,
T0000180,2025-01-26,ST004,C00232,SKU029,1,84.18,0.0,30.5,Store,CMP023
T0000181,2025-01-26,ST011,,SKU042,2,57.41,0.0,26.0,Store,
T0000182,2025-01-26,ST011,C00237,SKU036,1,100.22,5.76,48.0,Store,
T0000183,2025-01-26,ST014,,SKU026,1,48.58,0.0,23.0,Store,
T0000184,2025-01-26,ST001,C00143,SKU046,2,123.65,0.0,46.0,Ecom,
T0000185,2025-01-26,ST018,C00101,SKU012,1,80.26,0.0,38.0,Store,
T0000186,2025-01-26,ST011,C00201,SKU039,1,122.54,0.0,55.5,Store,
T0000187,2025-01-26,ST006,C00153,SKU044,2,67.39,8.64,36.0,Store,CMP005
T0000188,2025-01-26,ST008,,SKU020,1,22.08,0.0,8.0,Store,
T0000189,2025-01-27,ST005,C00096,SKU037,1,123.62,12.12,50.5,Store,
T0000190,2025-01-27,ST006,C00148,SKU036,1,101.38,0.0,48.0,Store,
T0000191,2025-01-27,ST012,C00100,SKU001,2,52.92,5.04,21.0,Store,
T0000192,2025-01-27,ST016,C00228,SKU027,1,70.38,0.0,25.5,Ecom,
T0000193,2025-01-27,ST008,,SKU019,1,153.18,0.0,55.5,Store,CMP015
T0000194,2025-01-27,ST016,C00294,SKU036,1,120.96,11.52,48.0,Store,
T0000195,2025-01-28,ST002,C00280,SKU049,1,60.76,3.66,30.5,Ecom,CMP021
T0000196,2025-01-28,ST010,C00179,SKU003,2,65.47,0.0,31.0,Ecom,
T0000197,2025-01-28,ST008,C00180,SKU014,2,216.72,20.64,86.0,Store,
T0000198,2025-01-28,ST005,C00031,SKU014,1,105.26,10.32,43.0,Store,
T0000199,2025-01-28,ST011,C00294,SKU046,1,45.26,5.52,23.0,Store,
T0000200,2025-01-28,ST004,C00211,SKU009,2,168.36,0.0,61.0,Store,
T0000201,2025-01-29,ST005,C00165,SKU016,2,246.53,11.52,96.0,Store,
T0000202,2025-01-29,ST009,C00232,SKU041,1,28.22,0.0,10.5,Ecom,
T0000203,2025-01-29,ST012,C00168,SKU030,1,91.08,0.0,33.0,Store,
T0000204,2025-01-29,ST012,C00204,SKU005,1,54.12,2.46,20.5,Store,
T0000205,2025-01-29,ST011,C00296,SKU019,1,115.88,6.66,55.5,Ecom,
T0000206,2025-01-29,ST002,,SKU003,2,61.75,3.72,31.0,Store,CMP006
T0000207,2025-01-30,ST001,C00068,SKU028,2,150.53,0.0,56.0,Store,CMP009
T0000208,2025-01-30,ST012,,SKU017,1,139.38,0.0,50.5,Store,CMP021
T0000209,2025-01-30,ST008,C00049,SKU028,1,73.92,3.36,28.0,Store,CMP019
T0000210,2025-01-30,ST015,,SKU001,1,23.18,0.0,10.5,Store,
T0000211,2025-01-30,ST005,,SKU031,1,95.42,0.0,35.5,Ecom,CMP012
T0000212,2025-01-30,ST005,C00069,SKU025,1,55.1,0.0,20.5,Store,CMP019
T0000213,2025-01-31,ST006,C00110,SKU029,1,64.42,0.0,30.5,Store,
T0000214,2025-01-31,ST015,,SKU014,1,94.94,0.0,43.0,Store,
T0000215,2025-01-31,ST014,C00127,SKU021,1,22.18,0.0,10.5,Store,CMP020
T0000216,2025-01-31,ST020,C00014,SKU019,2,306.36,0.0,111.0,Store,CMP020
T0000217,2025-01-31,ST013,C00123,SKU019,1,149.18,0.0,55.5,Store,CMP021
T0000218,2025-01-31,ST017,C00163,SKU001,1,25.7,2.52,10.5,Store,
T0000219,2025-02-01,ST006,C00038,SKU049,1,64.42,0.0,30.5,Store,CMP007
T0000220,2025-02-01,ST002,C00257,SKU026,2,91.63,5.52,46.0,Store,
T0000221,2025-02-01,ST018,C00143,SKU035,1,96.1,0.0,45.5,Store,
T0000222,2025-02-01,ST005,C00034,SKU035,1,116.84,5.46,45.5,Ecom,
T0000223,2025-02-01,ST002,,SKU016,1,95.62,5.76,48.0,Store,
T0000224,2025-02-01,ST006,,SKU008,1,59.14,0.0,28.0,Store,CMP012
T0000225,2025-02-01,ST009,C00138,SKU011,2,190.85,0.0,71.0,Store,
T0000226,2025-02-01,ST014,C00135,SKU018,2,198.43,25.44,106.0,Store,
T0000227,2025-02-01,ST017,,SKU024,2,96.77,0.0,36.0,Store,
T0000228,2025-02-01,ST004,C00060,SKU037,1,127.26,12.12,50.5,Store,CMP001
T0000229,2025-02-02,ST016,C00077,SKU024,1,49.68,0.0,18.0,Ecom,
T0000230,2025-02-02,ST014,C00214,SKU015,2,192.19,0.0,91.0,Store,CMP003
T0000231,2025-02-02,ST004,C00027,SKU033,1,102.06,9.72,40.5,Ecom,
T0000232,2025-02-02,ST003,C00160,SKU030,1,64.94,7.92,33.0,Store,
T0000233,2025-02-02,ST010,C00125,SKU037,1,94.54,12.12,50.5,Ecom,
T0000234,2025-02-02,ST007,C00126,SKU047,1,53.24,3.06,25.5,Store,CMP018
T0000235,2025-02-02,ST001,,SKU022,1,34.94,0.0,13.0,Ecom,CMP017
T0000236,2025-02-02,ST014,C00073,SKU032,2,160.51,0.0,76.0,Ecom,CMP008
T0000237,2025-02-02,ST017,C00191,SKU027,1,68.54,0.0,25.5,Store,
T0000238,2025-02-02,ST013,C00032,SKU005,1,55.1,0.0,20.5,Ecom,CMP009
T0000239,2025-02-03,ST013,C00168,SKU045,1,55.1,0.0,20.5,Store,CMP007
T0000240,2025-02-03,ST019,C00085,SKU007,1,56.3,0.0,25.5,Store,
T0000241,2025-02-03,ST007,C00136,SKU029,2,134.69,0.0,61.0,Store,CMP022
T0000242,2025-02-03,ST020,C00168,SKU003,1,42.78,0.0,15.5,Store,
T0000243,2025-02-03,ST002,C00090,SKU044,1,35.86,2.16,18.0,Store,
T0000244,2025-02-03,ST018,,SKU016,1,101.38,0.0,48.0,Ecom,CMP002
T0000245,2025-02-04,ST008,C00206,SKU009,1,84.18,0.0,30.5,Store,
T0000246,2025-02-04,ST003,C00102,SKU002,2,54.29,3.12,26.0,Store,
T0000247,2025-02-04,ST011,,SKU008,1,61.82,0.0,28.0,Store,
T0000248,2025-02-04,ST013,,SKU032,1,102.14,0.0,38.0,Ecom,
T0000249,2025-02-04,ST009,C00077,SKU018,1,129.74,12.72,53.0,Store,
T0000250,2025-02-04,ST016,C00246,SKU027,1,70.38,0.0,25.5,Store,
T0000251,2025-02-05,ST017,C00279,SKU016,2,246.53,11.52,96.0,Store,
T0000252,2025-02-05,ST018,C00290,SKU032,1,75.7,4.56,38.0,Store,CMP001
T0000253,2025-02-05,ST008,C00144,SKU002,1,34.32,1.56,13.0,Ecom,
T0000254,2025-02-05,ST008,,SKU011,1,97.98,0.0,35.5,Ecom,
T0000255,2025-02-05,ST002,C00113,SKU049,1,60.76,3.66,30.5,Ecom,
T0000256,2025-02-05,ST006,C00163,SKU012,2,160.51,0.0,76.0,Store,
T0000257,2025-02-06,ST012,C00289,SKU037,3,399.96,18.18,151.5,Store,
T0000258,2025-02-06,ST002,,SKU006,1,48.58,0.0,23.0,Store,
T0000259,2025-02-06,ST020,C00175,SKU013,2,223.56,0.0,81.0,Store,CMP005
T0000260,2025-02-06,ST005,,SKU050,1,88.7,0.0,33.0,Store,
T0000261,2025-02-06,ST013,,SKU038,1,142.46,0.0,53.0,Ecom,
T0000262,2025-02-06,ST014,C00163,SKU041,1,19.66,2.52,10.5,Ecom,
T0000263,2025-02-07,ST012,C00090,SKU015,1,125.58,0.0,45.5,Store,CMP024
T0000264,2025-02-07,ST019,C00291,SKU026,1,45.26,5.52,23.0,Ecom,
T0000265,2025-02-07,ST020,C00054,SKU015,3,376.74,0.0,136.5,Store,
T0000266,2025-02-07,ST012,C00046,SKU021,2,57.96,0.0,21.0,Store,
T0000267,2025-02-07,ST008,,SKU045,1,56.58,0.0,20.5,Store,
T0000268,2025-02-07,ST015,C00086,SKU047,2,106.49,6.12,51.0,Store,
T0000269,2025-02-08,ST013,C00296,SKU007,1,68.54,0.0,25.5,Ecom,CMP003
T0000270,2025-02-08,ST002,,SKU019,1,117.22,0.0,55.5,Ecom,CMP006
T0000271,2025-02-08,ST006,,SKU047,3,161.57,0.0,76.5,Ecom,
T0000272,2025-02-08,ST016,,SKU046,3,190.44,0.0,69.0,Store,
T0000273,2025-02-08,ST002,C00098,SKU007,1,47.74,6.12,25.5,Ecom,
T0000274,2025-02-08,ST009,C00122,SKU043,1,39.8,1.86,15.5,Ecom,
T0000275,2025-02-08,ST005,C00219,SKU004,1,44.06,4.32,18.0,Store,
T0000276,2025-02-08,ST007,C00042,SKU011,1,78.38,0.0,35.5,Store,
T0000277,2025-02-08,ST016,C00279,SKU043,1,42.78,0.0,15.5,Store,
T0000278,2025-02-08,ST015,C00239,SKU003,1,34.22,0.0,15.5,Store,
T0000279,2025-02-09,ST004,C00278,SKU006,1,57.96,5.52,23.0,Ecom,CMP002
T0000280,2025-02-09,ST017,C00244,SKU027,1,68.54,0.0,25.5,Store,
T0000281,2025-02-09,ST002,C00265,SKU033,2,151.63,19.44,81.0,Store,CMP015
T0000282,2025-02-09,ST006,C00065,SKU014,1,90.82,0.0,43.0,Store,
T0000283,2025-02-09,ST005,C00035,SKU039,1,135.86,13.32,55.5,Store,
T0000284,2025-02-09,ST009,C00007,SKU034,2,210.53,20.64,86.0,Ecom,
T0000285,2025-02-09,ST004,C00291,SKU027,1,70.38,0.0,25.5,Store,
T0000286,2025-02-09,ST004,C00177,SKU019,2,306.36,0.0,111.0,Store,
T0000287,2025-02-09,ST020,,SKU031,1,97.98,0.0,35.5,Store,
T0000288,2025-02-09,ST013,C00170,SKU003,1,41.66,0.0,15.5,Ecom,
T0000289,2025-02-10,ST012,C00156,SKU002,1,34.32,1.56,13.0,Store,
T0000290,2025-02-10,ST008,C00227,SKU009,2,168.36,0.0,61.0,Store,CMP014
T0000291,2025-02-10,ST003,C00209,SKU013,2,159.41,19.44,81.0,Ecom,
T0000292,2025-02-10,ST017,,SKU011,2,182.33,8.52,71.0,Ecom,CMP017
T0000293,2025-02-10,ST001,C00103,SKU012,2,204.29,0.0,76.0,Ecom,CMP002
T0000294,2025-02-10,ST007,C00238,SKU018,1,117.02,0.0,53.0,Store,
T0000295,2025-02-11,ST016,C00243,SKU039,1,153.18,0.0,55.5,Ecom,
T0000296,2025-02-11,ST009,C00047,SKU048,1,71.9,3.36,28.0,Ecom,CMP019
T0000297,2025-02-11,ST007,C00106,SKU015,1,95.0,5.46,45.5,Ecom,
T0000298,2025-02-11,ST001,C00089,SKU031,1,95.42,0.0,35.5,Ecom,CMP020
T0000299,2025-02-11,ST010,C00141,SKU046,1,45.82,2.76,23.0,Store,
T0000300,2025-02-11,ST007,C00267,SKU030,2,137.81,7.92,66.0,Store,
T0000301,2025-02-12,ST012,C00145,SKU036,1,132.48,0.0,48.0,Store,
T0000302,2025-02-12,ST009,C00142,SKU041,1,28.22,0.0,10.5,Ecom,CMP017
T0000303,2025-02-12,ST002,C00164,SKU039,1,117.22,0.0,55.5,Ecom,
T0000304,2025-02-12,ST009,C00019,SKU027,1,62.42,6.12,25.5,Store,
T0000305,2025-02-12,ST008,C00244,SKU044,2,99.36,0.0,36.0,Ecom,
T0000306,2025-02-12,ST018,C00242,SKU012,1,80.26,0.0,38.0,Store,
T0000307,2025-02-13,ST006,C00046,SKU044,1,38.02,0.0,18.0,Store,
T0000308,2025-02-13,ST011,C00151,SKU024,1,39.74,0.0,18.0,Ecom,
T0000309,2025-02-13,ST019,C00037,SKU038,1,117.02,0.0,53.0,Ecom,
T0000310,2025-02-13,ST013,C00028,SKU034,2,231.17,0.0,86.0,Store,CMP007
T0000311,2025-02-13,ST019,C00093,SKU030,2,137.81,7.92,66.0,Ecom,
T0000312,2025-02-13,ST011,,SKU041,1,23.18,0.0,10.5,Store,
T0000313,2025-02-14,ST006,C00046,SKU032,1,75.7,4.56,38.0,Store,
T0000314,2025-02-14,ST016,,SKU025,1,56.58,0.0,20.5,Ecom,
T0000315,2025-02-14,ST017,,SKU013,1,108.86,0.0,40.5,Store,CMP012
T0000316,2025-02-14,ST004,C00157,SKU025,1,56.58,0.0,20.5,Store,
T0000317,2025-02-14,ST017,C00223,SKU039,2,298.37,0.0,111.0,Ecom,
T0000318,2025-02-14,ST012,C00207,SKU049,1,84.18,0.0,30.5,Store,
T0000319,2025-02-15,ST001,C00064,SKU038,1,142.46,0.0,53.0,Store,
T0000320,2025-02-15,ST018,,SKU040,3,50.69,0.0,24.0,Store,
T0000321,2025-02-15,ST004,C00064,SKU027,1,67.32,3.06,25.5,Store,
T0000322,2025-02-15,ST001,C00052,SKU020,1,21.5,0.0,8.0,Store,
T0000323,2025-02-15,ST014,C00061,SKU007,1,53.86,0.0,25.5,Store,
T0000324,2025-02-15,ST009,C00184,SKU034,2,231.17,0.0,86.0,Store,CMP018
T0000325,2025-02-15,ST007,C00170,SKU045,1,45.26,0.0,20.5,Ecom,
T0000326,2025-02-15,ST019,C00047,SKU043,2,68.45,0.0,31.0,Store,
T0000327,2025-02-15,ST009,C00152,SKU042,1,34.94,0.0,13.0,Ecom,CMP006
T0000328,2025-02-15,ST010,C00161,SKU024,1,38.02,0.0,18.0,Store,CMP002
T0000329,2025-02-16,ST005,C00169,SKU043,1,39.8,1.86,15.5,Store,
T0000330,2025-02-16,ST003,C00094,SKU024,1,37.58,2.16,18.0,Store,
T0000331,2025-02-16,ST013,C00216,SKU045,1,55.1,0.0,20.5,Ecom,CMP023
T0000332,2025-02-16,ST006,C00248,SKU007,2,101.59,6.12,51.0,Ecom,CMP013
T0000333,2025-02-16,ST020,C00067,SKU002,1,34.32,1.56,13.0,Store,CMP014
T0000334,2025-02-16,ST003,C00007,SKU017,2,198.77,24.24,101.0,Store,
T0000335,2025-02-16,ST019,C00174,SKU015,1,89.54,10.92,45.5,Ecom,CMP022
T0000336,2025-02-16,ST016,C00198,SKU023,1,39.06,3.72,15.5,Store,
T0000337,2025-02-16,ST001,C00259,SKU042,2,66.77,3.12,26.0,Store,
T0000338,2025-02-16,ST016,C00143,SKU021,1,28.98,0.0,10.5,Store,
T0000339,2025-02-17,ST008,C00294,SKU006,1,60.72,2.76,23.0,Store,
T0000340,2025-02-17,ST016,C00053,SKU048,1,77.28,0.0,28.0,Store,
T0000341,2025-02-17,ST003,C00156,SKU039,2,218.45,26.64,111.0,Store,CMP022
T0000342,2025-02-17,ST011,C00115,SKU024,2,79.49,0.0,36.0,Store,
T0000343,2025-02-17,ST016,C00232,SKU046,1,63.48,0.0,23.0,Ecom,CMP012
T0000344,2025-02-17,ST010,C00055,SKU036,1,101.38,0.0,48.0,Ecom,
T0000345,2025-02-18,ST014,C00101,SKU007,1,50.8,3.06,25.5,Store,CMP007
T0000346,2025-02-18,ST004,C00064,SKU049,2,161.04,7.32,61.0,Store,
T0000347,2025-02-18,ST017,C00003,SKU009,1,81.98,0.0,30.5,Store,
T0000348,2025-02-18,ST019,C00091,SKU031,1,78.38,0.0,35.5,Store,
T0000349,2025-02-18,ST013,C00165,SKU043,1,39.8,1.86,15.5,Store,
T0000350,2025-02-18,ST008,C00176,SKU018,3,419.76,19.08,159.0,Store,
T0000351,2025-02-19,ST020,C00263,SKU045,1,51.66,4.92,20.5,Store,
T0000352,2025-02-19,ST018,C00108,SKU041,1,22.18,0.0,10.5,Ecom,
T0000353,2025-02-19,ST005,C00092,SKU046,1,61.82,0.0,23.0,Ecom,
T0000354,2025-02-19,ST018,C00214,SKU031,1,66.46,8.52,35.5,Ecom,
T0000355,2025-02-19,ST001,,SKU034,1,115.58,0.0,43.0,Store,
T0000356,2025-02-19,ST006,C00075,SKU019,2,234.43,0.0,111.0,Store,CMP018
T0000357,2025-02-20,ST015,C00288,SKU007,2,100.37,12.24,51.0,Store,
T0000358,2025-02-20,ST010,C00196,SKU045,1,43.3,0.0,20.5,Store,
T0000359,2025-02-20,ST009,C00227,SKU013,2,217.73,0.0,81.0,Store,
T0000360,2025-02-20,ST020,C00100,SKU013,1,111.78,0.0,40.5,Store,
T0000361,2025-02-20,ST006,C00194,SKU048,1,59.14,0.0,28.0,Store,
T0000362,2025-02-20,ST019,,SKU017,1,111.5,0.0,50.5,Store,CMP011
T0000363,2025-02-21,ST020,C00294,SKU043,1,42.78,0.0,15.5,Store,
T0000364,2025-02-21,ST008,C00259,SKU012,1,95.76,9.12,38.0,Store,
T0000365,2025-02-21,ST008,C00170,SKU014,1,118.68,0.0,43.0,Store,
T0000366,2025-02-21,ST016,C00005,SKU036,1,132.48,0.0,48.0,Ecom,
T0000367,2025-02-21,ST020,C00021,SKU040,1,22.08,0.0,8.0,Ecom,
T0000368,2025-02-21,ST004,C00145,SKU025,1,51.66,4.92,20.5,Store,
T0000369,2025-02-22,ST017,C00152,SKU029,2,163.97,0.0,61.0,Store,
T0000370,2025-02-22,ST004,C00276,SKU011,1,97.98,0.0,35.5,Ecom,CMP021
T0000371,2025-02-22,ST014,C00223,SKU007,1,53.86,0.0,25.5,Store,
T0000372,2025-02-22,ST015,C00045,SKU046,1,50.78,0.0,23.0,Store,
T0000373,2025-02-22,ST019,C00209,SKU015,1,95.0,5.46,45.5,Store,
T0000374,2025-02-22,ST004,,SKU035,2,251.16,0.0,91.0,Store,
T0000375,2025-02-22,ST003,C00055,SKU023,1,34.22,0.0,15.5,Store,
T0000376,2025-02-22,ST015,C00016,SKU025,1,40.34,4.92,20.5,Store,CMP024
T0000377,2025-02-22,ST018,C00074,SKU019,1,117.22,0.0,55.5,Store,
T0000378,2025-02-22,ST018,C00003,SKU010,1,65.74,3.96,33.0,Ecom,
T0000379,2025-02-23,ST010,C00177,SKU014,1,80.5,10.32,43.0,Store,CMP006
T0000380,2025-02-23,ST009,,SKU013,1,99.14,9.72,40.5,Ecom,
T0000381,2025-02-23,ST018,C00038,SKU030,1,69.7,0.0,33.0,Ecom,CMP007
T0000382,2025-02-23,ST016,C00121,SKU022,1,32.76,3.12,13.0,Store,CMP007
T0000383,2025-02-23,ST015,C00157,SKU022,1,28.7,0.0,13.0,Store,
T0000384,2025-02-23,ST011,C00161,SKU028,1,61.82,0.0,28.0,Store,
T0000385,2025-02-23,ST009,C00170,SKU024,2,92.45,4.32,36.0,Ecom,
T0000386,2025-02-23,ST016,,SKU036,1,132.48,0.0,48.0,Ecom,
T0000387,2025-02-23,ST005,C00040,SKU035,2,244.61,0.0,91.0,Store,
T0000388,2025-02-23,ST019,C00109,SKU038,2,208.61,25.44,106.0,Store,CMP018
T0000389,2025-02-24,ST005,C00149,SKU024,1,44.06,4.32,18.0,Store,
T0000390,2025-02-24,ST017,C00085,SKU001,2,56.45,0.0,21.0,Store,
T0000391,2025-02-24,ST019,C00075,SKU043,2,64.73,3.72,31.0,Store,
T0000392,2025-02-24,ST016,,SKU015,1,125.58,0.0,45.5,Store,
T0000393,2025-02-24,ST012,C00233,SKU025,2,113.16,0.0,41.0,Store,
T0000394,2025-02-24,ST017,C00135,SKU041,1,25.7,2.52,10.5,Store,CMP021
T0000395,2025-02-25,ST019,C00040,SKU042,1,27.14,1.56,13.0,Store,
T0000396,2025-02-25,ST013,C00177,SKU023,1,39.8,1.86,15.5,Store,
T0000397,2025-02-25,ST005,C00040,SKU029,1,81.98,0.0,30.5,Store,CMP006
T0000398,2025-02-25,ST020,C00118,SKU046,1,63.48,0.0,23.0,Store,
T0000399,2025-02-25,ST016,C00083,SKU031,1,93.72,4.26,35.5,Store,CMP002
T0000400,2025-02-25,ST019,C00263,SKU011,1,69.86,8.52,35.5,Store,CMP006
T0000401,2025-02-26,ST006,C00289,SKU034,1,90.82,0.0,43.0,Store,
T0000402,2025-02-26,ST020,C00088,SKU031,1,93.72,4.26,35.5,Ecom,
T0000403,2025-02-26,ST006,C00136,SKU040,1,16.9,0.0,8.0,Store,
T0000404,2025-02-26,ST003,C00068,SKU015,1,100.46,0.0,45.5,Ecom,
T0000405,2025-02-26,ST014,C00091,SKU010,1,61.78,7.92,33.0,Ecom,
T0000406,2025-02-26,ST018,C00048,SKU033,1,85.54,0.0,40.5,Store,
T0000407,2025-02-27,ST001,C00221,SKU050,1,88.7,0.0,33.0,Store,
T0000408,2025-02-27,ST014,C00247,SKU015,2,181.27,10.92,91.0,Ecom,
T0000409,2025-02-27,ST019,C00131,SKU007,1,56.3,0.0,25.5,Store,
T0000410,2025-02-27,ST020,C00097,SKU035,1,125.58,0.0,45.5,Store,
T0000411,2025-02-27,ST001,C00162,SKU025,1,55.1,0.0,20.5,Store,CMP021
T0000412,2025-02-27,ST009,C00188,SKU035,1,116.84,5.46,45.5,Store,
T0000413,2025-02-28,ST018,C00287,SKU031,1,74.98,0.0,35.5,Store,
T0000414,2025-02-28,ST013,C00061,SKU048,2,143.81,6.72,56.0,Ecom,
T0000415,2025-02-28,ST004,C00174,SKU014,2,216.72,20.64,86.0,Store,
T0000416,2025-02-28,ST006,C00003,SKU025,2,86.59,0.0,41.0,Store,
T0000417,2025-02-28,ST003,C00190,SKU005,1,45.26,0.0,20.5,Ecom,
T0000418,2025-02-28,ST013,C00147,SKU040,2,39.17,3.84,16.0,Store,CMP006
T0000419,2025-03-01,ST015,C00266,SKU001,1,23.18,0.0,10.5,Store,
T0000420,2025-03-01,ST008,C00019,SKU040,1,22.08,0.0,8.0,Store,
T0000421,2025-03-01,ST009,C00203,SKU050,1,88.7,0.0,33.0,Ecom,
T0000422,2025-03-01,ST003,C00287,SKU006,2,101.57,0.0,46.0,Ecom,
T0000423,2025-03-01,ST008,C00233,SKU039,3,419.58,39.96,166.5,Store,CMP006
T0000424,2025-03-01,ST004,,SKU036,1,132.48,0.0,48.0,Ecom,
T0000425,2025-03-01,ST018,C00227,SKU037,3,283.61,36.36,151.5,Store,
T0000426,2025-03-01,ST011,C00236,SKU050,2,145.73,0.0,66.0,Store,
T0000427,2025-03-01,ST013,C00113,SKU041,1,28.22,0.0,10.5,Store,
T0000428,2025-03-01,ST012,C00135,SKU034,1,118.68,0.0,43.0,Ecom,
T0000429,2025-03-02,ST011,C00092,SKU005,1,45.26,0.0,20.5,Store,CMP019
T0000430,2025-03-02,ST007,C00121,SKU032,2,167.81,0.0,76.0,Ecom,CMP007
T0000431,2025-03-02,ST020,C00055,SKU023,1,42.78,0.0,15.5,Store,
T0000432,2025-03-02,ST020,C00278,SKU001,3,83.16,3.78,31.5,Store,
T0000433,2025-03-02,ST019,C00262,SKU018,1,117.02,0.0,53.0,Store,
T0000434,2025-03-02,ST017,C00277,SKU028,1,75.26,0.0,28.0,Store,
T0000435,2025-03-02,ST006,C00266,SKU030,1,69.7,0.0,33.0,Store,CMP007
T0000436,2025-03-02,ST004,C00133,SKU021,1,28.98,0.0,10.5,Ecom,CMP016
T0000437,2025-03-02,ST011,C00218,SKU024,1,39.74,0.0,18.0,Store,
T0000438,2025-03-02,ST015,C00295,SKU012,1,83.9,0.0,38.0,Ecom,
T0000439,2025-03-03,ST018,C00101,SKU028,1,59.14,0.0,28.0,Store,
T0000440,2025-03-03,ST014,C00265,SKU032,1,80.26,0.0,38.0,Store,
T0000441,2025-03-03,ST018,,SKU037,1,106.66,0.0,50.5,Store,CMP009
T0000442,2025-03-03,ST004,C00134,SKU029,1,76.86,7.32,30.5,Ecom,
T0000443,2025-03-03,ST012,C00180,SKU002,2,65.52,6.24,26.0,Store,CMP019
T0000444,2025-03-03,ST018,C00146,SKU012,1,71.14,9.12,38.0,Ecom,
T0000445,2025-03-04,ST003,C00238,SKU025,1,45.26,0.0,20.5,Store,
T0000446,2025-03-04,ST011,C00293,SKU027,1,56.3,0.0,25.5,Store,CMP011
T0000447,2025-03-04,ST011,C00137,SKU042,1,27.14,1.56,13.0,Ecom,CMP015
T0000448,2025-03-04,ST012,C00231,SKU048,1,77.28,0.0,28.0,Store,
T0000449,2025-03-04,ST008,C00041,SKU043,1,40.92,1.86,15.5,Ecom,CMP003
T0000450,2025-03-04,ST016,,SKU036,2,241.92,23.04,96.0,Store,
T0000451,2025-03-05,ST009,C00200,SKU040,1,21.5,0.0,8.0,Store,
T0000452,2025-03-05,ST005,C00088,SKU009,1,81.98,0.0,30.5,Store,
T0000453,2025-03-05,ST016,C00277,SKU030,3,249.48,23.76,99.0,Ecom,
T0000454,2025-03-05,ST018,C00234,SKU012,1,71.14,9.12,38.0,Store,
T0000455,2025-03-05,ST018,C00247,SKU020,1,16.9,0.0,8.0,Store,
T0000456,2025-03-05,ST009,C00001,SKU010,1,88.7,0.0,33.0,Store,
T0000457,2025-03-06,ST001,C00245,SKU045,1,52.64,2.46,20.5,Store,
T0000458,2025-03-06,ST001,C00211,SKU036,2,246.53,11.52,96.0,Store,
T0000459,2025-03-06,ST013,C00041,SKU025,1,55.1,0.0,20.5,Ecom,
T0000460,2025-03-06,ST020,C00146,SKU045,1,51.66,4.92,20.5,Store,
T0000461,2025-03-06,ST003,C00057,SKU012,1,74.78,9.12,38.0,Store,
T0000462,2025-03-06,ST016,C00078,SKU013,1,102.06,9.72,40.5,Store,CMP004
T0000463,2025-03-07,ST005,C00005,SKU046,1,61.82,0.0,23.0,Store,CMP007
T0000464,2025-03-07,ST010,C00238,SKU032,1,80.26,0.0,38.0,Ecom,
T0000465,2025-03-07,ST005,C00201,SKU004,1,46.22,2.16,18.0,Ecom,CMP009
T0000466,2025-03-07,ST001,C00128,SKU008,1,71.9,3.36,28.0,Store,CMP002
T0000467,2025-03-07,ST004,C00107,SKU034,1,118.68,0.0,43.0,Store,
T0000468,2025-03-07,ST002,C00267,SKU048,1,55.78,3.36,28.0,Store,
T0000469,2025-03-08,ST002,C00058,SKU043,1,30.88,1.86,15.5,Store,
T0000470,2025-03-08,ST009,,SKU038,2,284.93,0.0,106.0,Store,
T0000471,2025-03-08,ST016,C00191,SKU045,2,113.16,0.0,41.0,Store,CMP003
T0000472,2025-03-08,ST011,C00031,SKU049,1,67.34,0.0,30.5,Ecom,
T0000473,2025-03-08,ST005,C00286,SKU032,2,204.29,0.0,76.0,Store,
T0000474,2025-03-08,ST007,C00184,SKU002,2,57.41,0.0,26.0,Store,
T0000475,2025-03-08,ST015,C00251,SKU036,1,105.98,0.0,48.0,Store,
T0000476,2025-03-08,ST015,C00284,SKU018,1,104.3,12.72,53.0,Ecom,CMP010
T0000477,2025-03-08,ST018,C00260,SKU024,1,38.02,0.0,18.0,Store,
T0000478,2025-03-08,ST012,C00165,SKU050,2,166.32,15.84,66.0,Store,
T0000479,2025-03-09,ST016,C00145,SKU050,1,91.08,0.0,33.0,Store,CMP017
T0000480,2025-03-09,ST002,C00017,SKU009,1,60.76,3.66,30.5,Store,CMP002
T0000481,2025-03-09,ST013,C00132,SKU043,1,41.66,0.0,15.5,Store,
T0000482,2025-03-09,ST007,C00041,SKU042,1,28.7,0.0,13.0,Ecom,
T0000483,2025-03-09,ST014,C00030,SKU024,2,76.03,0.0,36.0,Ecom,
T0000484,2025-03-09,ST010,C00266,SKU005,1,43.3,0.0,20.5,Store,
T0000485,2025-03-09,ST017,C00092,SKU043,1,37.94,3.72,15.5,Store,
T0000486,2025-03-09,ST019,C00219,SKU023,2,68.45,0.0,31.0,Store,
T0000487,2025-03-09,ST017,C00274,SKU022,3,100.15,4.68,39.0,Ecom,
T0000488,2025-03-09,ST018,C00212,SKU021,2,41.83,2.52,21.0,Store,
T0000489,2025-03-10,ST008,C00193,SKU037,2,278.76,0.0,101.0,Store,
T0000490,2025-03-10,ST013,C00146,SKU001,1,25.7,2.52,10.5,Store,CMP010
T0000491,2025-03-10,ST008,C00012,SKU014,2,237.36,0.0,86.0,Store,
T0000492,2025-03-10,ST019,C00020,SKU037,1,111.5,0.0,50.5,Ecom,CMP012
T0000493,2025-03-10,ST008,C00154,SKU015,1,120.12,5.46,45.5,Store,
T0000494,2025-03-10,ST003,C00248,SKU047,1,50.18,6.12,25.5,Store,
T0000495,2025-03-11,ST010,C00296,SKU003,1,32.74,0.0,15.5,Store,
T0000496,2025-03-11,ST014,C00062,SKU027,2,107.71,0.0,51.0,Ecom,
T0000497,2025-03-11,ST001,C00196,SKU041,1,25.7,2.52,10.5,Store,CMP018
T0000498,2025-03-11,ST011,C00079,SKU033,1,84.56,4.86,40.5,Ecom,
T0000499,2025-03-11,ST019,,SKU033,1,84.56,4.86,40.5,Store,CMP011
T0000500,2025-03-11,ST019,,SKU048,1,61.82,0.0,28.0,Store,
T0000501,2025-03-12,ST005,C00287,SKU049,1,78.32,3.66,30.5,Store,
T0000502,2025-03-12,ST020,C00125,SKU048,1,73.92,3.36,28.0,Ecom,
T0000503,2025-03-12,ST003,C00217,SKU008,1,61.82,0.0,28.0,Store,
T0000504,2025-03-12,ST001,C00180,SKU050,1,84.74,3.96,33.0,Store,
T0000505,2025-03-12,ST008,C00080,SKU013,2,223.56,0.0,81.0,Store,CMP002
T0000506,2025-03-12,ST020,C00148,SKU010,1,91.08,0.0,33.0,Store,
T0000507,2025-03-13,ST011,C00109,SKU014,1,84.62,10.32,43.0,Store,
T0000508,2025-03-13,ST020,C00010,SKU047,1,64.26,6.12,25.5,Store,CMP006
T0000509,2025-03-13,ST007,C00028,SKU045,1,45.26,0.0,20.5,Store,CMP022
T0000510,2025-03-13,ST012,,SKU007,2,134.64,6.12,51.0,Store,CMP013
T0000511,2025-03-13,ST004,C00273,SKU021,1,28.98,0.0,10.5,Store,
T0000512,2025-03-13,ST001,C00272,SKU003,1,39.8,1.86,15.5,Store,
T0000513,2025-03-14,ST012,C00155,SKU044,1,45.36,4.32,18.0,Store,CMP002
T0000514,2025-03-14,ST013,C00144,SKU002,1,34.94,0.0,13.0,Store,
T0000515,2025-03-14,ST003,C00117,SKU047,1,50.18,6.12,25.5,Ecom,CMP010
T0000516,2025-03-14,ST011,C00106,SKU029,1,60.02,7.32,30.5,Ecom,
T0000517,2025-03-14,ST005,C00269,SKU020,2,41.09,1.92,16.0,Ecom,
T0000518,2025-03-14,ST005,C00081,SKU042,1,31.82,3.12,13.0,Store,
T0000519,2025-03-15,ST006,C00075,SKU021,2,44.35,0.0,21.0,Store,
T0000520,2025-03-15,ST014,C00141,SKU020,1,16.9,0.0,8.0,Store,CMP006
T0000521,2025-03-15,ST020,C00291,SKU040,1,20.16,1.92,8.0,Store,CMP022
T0000522,2025-03-15,ST003,C00069,SKU045,1,40.34,4.92,20.5,Store,
T0000523,2025-03-15,ST006,C00071,SKU025,1,43.3,0.0,20.5,Ecom,CMP001
T0000524,2025-03-15,ST014,C00104,SKU015,2,192.19,0.0,91.0,Ecom,CMP015
T0000525,2025-03-15,ST016,C00235,SKU045,2,108.24,4.92,41.0,Store,
T0000526,2025-03-15,ST013,C00293,SKU047,1,62.42,6.12,25.5,Store,
T0000527,2025-03-15,ST002,,SKU034,1,90.82,0.0,43.0,Store,
T0000528,2025-03-15,ST018,C00021,SKU026,1,43.06,5.52,23.0,Ecom,
T0000529,2025-03-16,ST007,C00156,SKU019,2,245.09,0.0,111.0,Store,
T0000530,2025-03-16,ST020,C00073,SKU004,1,47.52,2.16,18.0,Store,CMP017
T0000531,2025-03-16,ST019,C00202,SKU045,1,42.8,2.46,20.5,Store,CMP015
T0000532,2025-03-16,ST007,,SKU030,1,72.86,0.0,33.0,Store,
T0000533,2025-03-16,ST004,C00186,SKU046,1,60.72,2.76,23.0,Ecom,
T0000534,2025-03-16,ST020,C00195,SKU011,1,97.98,0.0,35.5,Store,
T0000535,2025-03-16,ST005,C00092,SKU011,2,190.85,0.0,71.0,Store,
T0000536,2025-03-16,ST015,C00061,SKU019,2,245.09,0.0,111.0,Store,CMP009
T0000537,2025-03-16,ST016,C00003,SKU032,1,100.32,4.56,38.0,Store,CMP019
T0000538,2025-03-16,ST015,C00004,SKU027,1,50.18,6.12,25.5,Store,CMP021
T0000539,2025-03-17,ST007,C00029,SKU004,1,39.74,0.0,18.0,Store,CMP002
T0000540,2025-03-17,ST020,C00045,SKU020,1,21.12,0.96,8.0,Store,
T0000541,2025-03-17,ST010,C00294,SKU040,2,33.79,0.0,16.0,Ecom,
T0000542,2025-03-17,ST012,,SKU003,1,42.78,0.0,15.5,Ecom,
T0000543,2025-03-17,ST014,,SKU036,1,101.38,0.0,48.0,Store,
T0000544,2025-03-17,ST017,C00108,SKU027,1,68.54,0.0,25.5,Ecom,
T0000545,2025-03-18,ST017,C00148,SKU006,1,61.82,0.0,23.0,Ecom,CMP019
T0000546,2025-03-18,ST012,C00255,SKU009,1,80.52,3.66,30.5,Store,
T0000547,2025-03-18,ST020,C00100,SKU015,1,125.58,0.0,45.5,Ecom,
T0000548,2025-03-18,ST007,C00212,SKU040,1,17.66,0.0,8.0,Store,
T0000549,2025-03-18,ST001,C00145,SKU041,1,28.22,0.0,10.5,Store,
T0000550,2025-03-18,ST011,,SKU050,1,72.86,0.0,33.0,Store,
T0000551,2025-03-19,ST001,C00174,SKU012,3,292.75,13.68,114.0,Ecom,
T0000552,2025-03-19,ST005,C00236,SKU031,2,173.81,17.04,71.0,Store,
T0000553,2025-03-19,ST014,,SKU048,1,52.42,6.72,28.0,Store,
T0000554,2025-03-19,ST018,C00170,SKU002,2,54.91,0.0,26.0,Store,CMP005
T0000555,2025-03-19,ST001,C00274,SKU022,2,63.65,6.24,26.0,Store,
T0000556,2025-03-19,ST004,C00162,SKU049,2,168.36,0.0,61.0,Store,
T0000557,2025-03-20,ST008,C00155,SKU024,1,49.68,0.0,18.0,Ecom,CMP012
T0000558,2025-03-20,ST007,C00013,SKU006,2,90.53,11.04,46.0,Ecom,CMP011
T0000559,2025-03-20,ST017,C00074,SKU020,2,43.01,0.0,16.0,Ecom,
T0000560,2025-03-20,ST005,C00236,SKU014,1,105.26,10.32,43.0,Ecom,CMP010
T0000561,2025-03-20,ST020,C00024,SKU006,1,63.48,0.0,23.0,Store,CMP010
T0000562,2025-03-20,ST007,C00147,SKU021,1,23.18,0.0,10.5,Store,
T0000563,2025-03-21,ST009,C00059,SKU010,1,80.78,7.92,33.0,Store,
T0000564,2025-03-21,ST018,C00139,SKU023,1,32.74,0.0,15.5,Store,
T0000565,2025-03-21,ST010,C00277,SKU040,1,16.9,0.0,8.0,Store,CMP022
T0000566,2025-03-21,ST013,,SKU004,1,44.06,4.32,18.0,Store,
T0000567,2025-03-21,ST015,C00171,SKU040,2,31.49,3.84,16.0,Store,CMP015
T0000568,2025-03-21,ST003,C00234,SKU045,1,42.8,2.46,20.5,Ecom,
T0000569,2025-03-22,ST005,C00187,SKU040,1,21.5,0.0,8.0,Ecom,
T0000570,2025-03-22,ST015,,SKU032,1,83.9,0.0,38.0,Ecom,
T0000571,2025-03-22,ST010,C00295,SKU050,1,69.7,0.0,33.0,Store,
T0000572,2025-03-22,ST004,C00037,SKU021,2,52.92,5.04,21.0,Store,
T0000573,2025-03-22,ST008,C00082,SKU040,3,63.36,2.88,24.0,Ecom,CMP007
T0000574,2025-03-22,ST019,C00223,SKU028,1,61.82,0.0,28.0,Store,
T0000575,2025-03-22,ST003,C00294,SKU048,2,123.65,0.0,56.0,Store,
T0000576,2025-03-22,ST018,C00091,SKU007,1,50.8,3.06,25.5,Store,CMP004
T0000577,2025-03-22,ST020,C00168,SKU050,1,91.08,0.0,33.0,Ecom,CMP005
T0000578,2025-03-22,ST001,C00077,SKU049,1,81.98,0.0,30.5,Store,
T0000579,2025-03-23,ST007,C00163,SKU014,1,94.94,0.0,43.0,Ecom,
T0000580,2025-03-23,ST012,C00262,SKU006,1,63.48,0.0,23.0,Store,
T0000581,2025-03-23,ST018,,SKU004,1,38.02,0.0,18.0,Ecom,CMP010
T0000582,2025-03-23,ST008,C00202,SKU028,1,73.92,3.36,28.0,Store,
T0000583,2025-03-23,ST007,C00072,SKU043,1,32.36,1.86,15.5,Store,
T0000584,2025-03-23,ST014,C00065,SKU010,1,69.7,0.0,33.0,Store,
T0000585,2025-03-23,ST016,C00070,SKU043,1,40.92,1.86,15.5,Ecom,
T0000586,2025-03-23,ST020,C00233,SKU028,1,70.56,6.72,28.0,Store,
T0000587,2025-03-23,ST008,C00004,SKU012,1,104.88,0.0,38.0,Store,
T0000588,2025-03-23,ST018,C00020,SKU037,1,106.66,0.0,50.5,Ecom,CMP016
T0000589,2025-03-24,ST003,C00270,SKU010,3,218.59,0.0,99.0,Store,
T0000590,2025-03-24,ST020,C00040,SKU006,1,57.96,5.52,23.0,Store,
T0000591,2025-03-24,ST002,C00006,SKU022,1,24.34,3.12,13.0,Store,
T0000592,2025-03-24,ST011,C00151,SKU027,1,56.3,0.0,25.5,Store,
T0000593,2025-03-24,ST010,C00134,SKU047,1,50.8,3.06,25.5,Store,
T0000594,2025-03-24,ST010,C00147,SKU048,1,59.14,0.0,28.0,Ecom,
T0000595,2025-03-25,ST009,C00144,SKU017,1,135.74,0.0,50.5,Store,CMP004
T0000596,2025-03-25,ST019,C00229,SKU048,1,61.82,0.0,28.0,Store,CMP023
T0000597,2025-03-25,ST006,C00176,SKU034,3,272.45,0.0,129.0,Ecom,
T0000598,2025-03-25,ST016,C00197,SKU049,1,80.52,3.66,30.5,Store,
T0000599,2025-03-25,ST019,C00028,SKU047,1,56.3,0.0,25.5,Store,CMP015
T0000600,2025-03-25,ST010,C00273,SKU031,1,70.72,4.26,35.5,Store,
T0000601,2025-03-26,ST014,C00230,SKU001,1,22.18,0.0,10.5,Store,
T0000602,2025-03-26,ST002,C00182,SKU007,3,152.39,9.18,76.5,Store,
T0000603,2025-03-26,ST009,C00051,SKU022,1,31.82,3.12,13.0,Ecom,
T0000604,2025-03-26,ST008,C00100,SKU047,1,70.38,0.0,25.5,Store,
T0000605,2025-03-26,ST001,,SKU005,1,55.1,0.0,20.5,Store,
T0000606,2025-03-26,ST010,C00013,SKU017,1,106.66,0.0,50.5,Store,
T0000607,2025-03-27,ST007,C00062,SKU039,1,109.22,13.32,55.5,Ecom,CMP022
T0000608,2025-03-27,ST019,C00095,SKU012,1,79.34,4.56,38.0,Store,
T0000609,2025-03-27,ST015,C00166,SKU018,1,117.02,0.0,53.0,Store,CMP002
T0000610,2025-03-27,ST011,C00136,SKU004,1,39.74,0.0,18.0,Ecom,
T0000611,2025-03-27,ST020,C00252,SKU026,1,57.96,5.52,23.0,Store,
T0000612,2025-03-27,ST004,C00053,SKU029,1,84.18,0.0,30.5,Store,
T0000613,2025-03-28,ST015,C00077,SKU002,1,28.7,0.0,13.0,Store,
T0000614,2025-03-28,ST009,C00201,SKU010,1,80.78,7.92,33.0,Ecom,
T0000615,2025-03-28,ST016,C00036,SKU028,1,77.28,0.0,28.0,Store,
T0000616,2025-03-28,ST016,C00184,SKU008,1,77.28,0.0,28.0,Store,
T0000617,2025-03-28,ST003,C00175,SKU024,1,37.58,2.16,18.0,Store,
T0000618,2025-03-28,ST007,C00197,SKU012,1,83.9,0.0,38.0,Ecom,
T0000619,2025-03-29,ST012,,SKU032,1,104.88,0.0,38.0,Store,CMP007
T0000620,2025-03-29,ST019,C00033,SKU016,2,211.97,0.0,96.0,Ecom,
T0000621,2025-03-29,ST015,,SKU002,1,28.7,0.0,13.0,Store,
T0000622,2025-03-29,ST017,C00275,SKU030,1,80.78,7.92,33.0,Store,CMP003
T0000623,2025-03-29,ST005,C00242,SKU032,2,186.05,18.24,76.0,Store,CMP023
T0000624,2025-03-29,ST001,C00158,SKU012,2,204.29,0.0,76.0,Store,
T0000625,2025-03-29,ST019,C00055,SKU005,1,40.34,4.92,20.5,Store,
T0000626,2025-03-29,ST007,C00206,SKU028,1,55.1,6.72,28.0,Store,
T0000627,2025-03-29,ST007,,SKU049,1,67.34,0.0,30.5,Ecom,CMP005
T0000628,2025-03-29,ST006,C00085,SKU045,1,38.38,4.92,20.5,Ecom,CMP004
T0000629,2025-03-30,ST020,C00009,SKU025,2,113.16,0.0,41.0,Ecom,CMP006
T0000630,2025-03-30,ST019,C00244,SKU019,1,122.54,0.0,55.5,Store,CMP009
T0000631,2025-03-30,ST014,C00020,SKU016,1,95.62,5.76,48.0,Store,
T0000632,2025-03-30,ST010,C00286,SKU023,1,32.74,0.0,15.5,Ecom,
T0000633,2025-03-30,ST020,C00277,SKU024,1,47.52,2.16,18.0,Store,
T0000634,2025-03-30,ST009,C00077,SKU004,1,46.22,2.16,18.0,Store,
T0000635,2025-03-30,ST002,C00146,SKU004,1,38.02,0.0,18.0,Ecom,
T0000636,2025-03-30,ST015,,SKU003,1,30.5,3.72,15.5,Store,CMP001
T0000637,2025-03-30,ST004,C00228,SKU005,1,56.58,0.0,20.5,Ecom,
T0000638,2025-03-30,ST011,C00167,SKU015,1,100.46,0.0,45.5,Ecom,
T0000639,2025-03-31,ST013,,SKU015,1,122.3,0.0,45.5,Store,
T0000640,2025-03-31,ST020,C00192,SKU030,1,91.08,0.0,33.0,Ecom,
T0000641,2025-03-31,ST007,C00292,SKU022,1,28.7,0.0,13.0,Store,CMP015
T0000642,2025-03-31,ST006,C00152,SKU049,1,57.1,7.32,30.5,Store,
T0000643,2025-03-31,ST018,,SKU015,2,181.27,10.92,91.0,Store,
T0000644,2025-03-31,ST016,C00220,SKU030,2,182.16,0.0,66.0,Store,CMP014
T0000645,2025-04-01,ST019,C00003,SKU010,1,72.86,0.0,33.0,Ecom,CMP016
T0000646,2025-04-01,ST017,C00202,SKU003,1,41.66,0.0,15.5,Store,
T0000647,2025-04-01,ST018,,SKU049,2,128.83,0.0,61.0,Store,CMP010
T0000648,2025-04-01,ST003,C00157,SKU002,1,27.14,1.56,13.0,Ecom,
T0000649,2025-04-01,ST001,C00071,SKU030,2,169.49,7.92,66.0,Store,CMP012
T0000650,2025-04-01,ST001,,SKU041,2,56.45,0.0,21.0,Store,
T0000651,2025-04-02,ST009,C00278,SKU045,1,55.1,0.0,20.5,Store,
T0000652,2025-04-02,ST011,C00264,SKU048,3,185.47,0.0,84.0,Store,
T0000653,2025-04-02,ST012,C00188,SKU030,1,83.16,7.92,33.0,Store,
T0000654,2025-04-02,ST007,C00123,SKU009,1,63.68,3.66,30.5,Ecom,
T0000655,2025-04-02,ST007,C00116,SKU049,1,67.34,0.0,30.5,Store,
T0000656,2025-04-02,ST002,C00232,SKU005,1,38.38,4.92,20.5,Store,
T0000657,2025-04-03,ST018,C00150,SKU044,1,38.02,0.0,18.0,Ecom,
T0000658,2025-04-03,ST003,C00235,SKU013,1,84.56,4.86,40.5,Store,
T0000659,2025-04-03,ST003,C00058,SKU007,1,53.24,3.06,25.5,Store,CMP007
T0000660,2025-04-03,ST001,C00278,SKU019,3,427.57,19.98,166.5,Store,
T0000661,2025-04-03,ST001,C00012,SKU019,2,298.37,0.0,111.0,Store,
T0000662,2025-04-03,ST011,C00168,SKU027,1,50.18,6.12,25.5,Store,
T0000663,2025-04-04,ST010,C00157,SKU037,1,106.66,0.0,50.5,Ecom,CMP012
T0000664,2025-04-04,ST002,C00234,SKU010,3,185.33,23.76,99.0,Store,
T0000665,2025-04-04,ST010,C00079,SKU012,1,80.26,0.0,38.0,Store,CMP011
T0000666,2025-04-04,ST015,C00106,SKU017,1,111.5,0.0,50.5,Ecom,
T0000667,2025-04-04,ST005,C00084,SKU024,1,48.38,0.0,18.0,Store,
T0000668,2025-04-04,ST016,C00235,SKU050,3,273.24,0.0,99.0,Store,CMP024
T0000669,2025-04-05,ST017,C00152,SKU022,1,34.94,0.0,13.0,Ecom,
T0000670,2025-04-05,ST019,C00290,SKU043,2,64.73,3.72,31.0,Store,
T0000671,2025-04-05,ST016,C00283,SKU003,1,42.78,0.0,15.5,Ecom,
T0000672,2025-04-05,ST015,,SKU023,1,34.22,0.0,15.5,Store,
T0000673,2025-04-05,ST009,,SKU013,1,104.0,4.86,40.5,Ecom,
T0000674,2025-04-05,ST017,C00163,SKU026,1,56.3,5.52,23.0,Ecom,
T0000675,2025-04-05,ST012,C00219,SKU026,1,63.48,0.0,23.0,Store,CMP012
T0000676,2025-04-05,ST015,,SKU036,2,200.45,11.52,96.0,Store,
T0000677,2025-04-05,ST015,C00218,SKU019,2,231.77,13.32,111.0,Store,CMP019
T0000678,2025-04-05,ST005,C00269,SKU014,3,346.75,0.0,129.0,Store,
T0000679,2025-04-06,ST013,,SKU006,1,61.82,0.0,23.0,Store,
T0000680,2025-04-06,ST019,C00103,SKU049,1,63.68,3.66,30.5,Store,
T0000681,2025-04-06,ST010,C00287,SKU038,2,223.87,0.0,106.0,Store,CMP001
T0000682,2025-04-06,ST010,C00242,SKU041,1,22.18,0.0,10.5,Store,
T0000683,2025-04-06,ST008,,SKU002,1,35.88,0.0,13.0,Store,
T0000684,2025-04-06,ST016,C00133,SKU037,1,133.32,6.06,50.5,Ecom,
T0000685,2025-04-06,ST012,C00009,SKU033,2,223.56,0.0,81.0,Store,
T0000686,2025-04-06,ST015,C00084,SKU045,1,45.26,0.0,20.5,Ecom,
T0000687,2025-04-06,ST012,C00272,SKU004,1,49.68,0.0,18.0,Ecom,
T0000688,2025-04-06,ST006,,SKU049,2,114.19,14.64,61.0,Store,
T0000689,2025-04-07,ST010,C00186,SKU018,1,99.22,12.72,53.0,Store,
T0000690,2025-04-07,ST005,C00249,SKU034,1,115.58,0.0,43.0,Store,CMP005
T0000691,2025-04-07,ST007,C00270,SKU036,2,188.93,23.04,96.0,Ecom,
T0000692,2025-04-07,ST014,C00060,SKU030,2,139.39,0.0,66.0,Store,
T0000693,2025-04-07,ST012,C00268,SKU009,2,168.36,0.0,61.0,Store,CMP010
T0000694,2025-04-07,ST004,C00073,SKU015,1,125.58,0.0,45.5,Ecom,CMP005
T0000695,2025-04-08,ST014,C00058,SKU045,1,40.84,2.46,20.5,Store,
T0000696,2025-04-08,ST004,C00263,SKU003,1,40.92,1.86,15.5,Store,CMP009
T0000697,2025-04-08,ST010,,SKU043,1,32.74,0.0,15.5,Store,
T0000698,2025-04-08,ST007,C00015,SKU012,1,83.9,0.0,38.0,Store,
T0000699,2025-04-08,ST006,C00124,SKU033,1,85.54,0.0,40.5,Ecom,CMP019
T0000700,2025-04-08,ST017,C00145,SKU014,1,105.26,10.32,43.0,Store,CMP024
T0000701,2025-04-09,ST007,C00244,SKU033,1,79.7,9.72,40.5,Ecom,CMP022
T0000702,2025-04-09,ST006,C00218,SKU023,1,32.74,0.0,15.5,Ecom,
T0000703,2025-04-09,ST011,C00267,SKU008,1,61.82,0.0,28.0,Store,
T0000704,2025-04-09,ST002,C00060,SKU006,1,45.82,2.76,23.0,Store,
T0000705,2025-04-09,ST015,C00149,SKU015,3,285.01,16.38,136.5,Ecom,CMP003
T0000706,2025-04-09,ST016,C00007,SKU044,3,142.56,6.48,54.0,Store,
T0000707,2025-04-10,ST017,C00062,SKU043,1,39.8,1.86,15.5,Ecom,
T0000708,2025-04-10,ST006,C00102,SKU005,1,38.38,4.92,20.5,Store,
T0000709,2025-04-10,ST008,C00143,SKU028,2,141.12,13.44,56.0,Ecom,
T0000710,2025-04-10,ST013,C00208,SKU023,3,113.83,11.16,46.5,Store,CMP015
T0000711,2025-04-10,ST009,C00069,SKU032,1,102.14,0.0,38.0,Store,
T0000712,2025-04-10,ST001,C00168,SKU012,1,93.02,9.12,38.0,Ecom,
T0000713,2025-04-11,ST017,C00239,SKU050,1,84.74,3.96,33.0,Store,
T0000714,2025-04-11,ST011,C00017,SKU035,3,301.39,0.0,136.5,Store,
T0000715,2025-04-11,ST013,C00017,SKU029,1,81.98,0.0,30.5,Store,
T0000716,2025-04-11,ST014,C00200,SKU009,1,64.42,0.0,30.5,Store,
T0000717,2025-04-11,ST018,C00241,SKU044,1,38.02,0.0,18.0,Store,
T0000718,2025-04-11,ST016,C00181,SKU038,2,292.56,0.0,106.0,Store,
T0000719,2025-04-12,ST002,C00179,SKU009,2,114.19,14.64,61.0,Store,CMP021
T0000720,2025-04-12,ST004,C00183,SKU028,1,77.28,0.0,28.0,Store,
T0000721,2025-04-12,ST010,,SKU038,1,111.94,0.0,53.0,Store,CMP006
T0000722,2025-04-12,ST011,C00217,SKU003,1,32.36,1.86,15.5,Store,CMP023
T0000723,2025-04-12,ST001,C00200,SKU021,1,28.22,0.0,10.5,Store,
T0000724,2025-04-12,ST007,C00174,SKU022,1,28.7,0.0,13.0,Store,
T0000725,2025-04-12,ST016,C00039,SKU041,2,52.92,5.04,21.0,Store,CMP009
T0000726,2025-04-12,ST019,C00048,SKU026,2,90.53,11.04,46.0,Store,CMP011
T0000727,2025-04-12,ST019,C00108,SKU034,1,94.94,0.0,43.0,Store,
T0000728,2025-04-12,ST010,C00161,SKU028,1,55.78,3.36,28.0,Store,CMP017
T0000729,2025-04-13,ST018,C00265,SKU012,2,142.27,18.24,76.0,Store,
T0000730,2025-04-13,ST015,C00273,SKU018,2,221.33,12.72,106.0,Ecom,
T0000731,2025-04-13,ST002,C00237,SKU034,1,90.82,0.0,43.0,Ecom,
T0000732,2025-04-13,ST014,C00033,SKU027,1,50.8,3.06,25.5,Store,CMP010
T0000733,2025-04-13,ST009,C00208,SKU044,1,48.38,0.0,18.0,Ecom,CMP008
T0000734,2025-04-13,ST010,C00224,SKU030,1,69.7,0.0,33.0,Store,CMP009
T0000735,2025-04-13,ST009,C00091,SKU018,1,142.46,0.0,53.0,Store,
T0000736,2025-04-13,ST001,C00043,SKU004,1,48.38,0.0,18.0,Ecom,
T0000737,2025-04-13,ST014,C00047,SKU024,1,38.02,0.0,18.0,Ecom,CMP019
T0000738,2025-04-13,ST004,C00298,SKU034,3,325.08,30.96,129.0,Store,CMP003
T0000739,2025-04-14,ST004,C00169,SKU050,2,174.24,7.92,66.0,Ecom,
T0000740,2025-04-14,ST014,C00090,SKU014,1,90.82,0.0,43.0,Store,
T0000741,2025-04-14,ST019,C00192,SKU004,1,39.74,0.0,18.0,Store,
T0000742,2025-04-14,ST008,C00075,SKU018,1,146.28,0.0,53.0,Store,
T0000743,2025-04-14,ST020,C00028,SKU003,1,42.78,0.0,15.5,Store,CMP013
T0000744,2025-04-14,ST012,C00122,SKU044,2,95.04,4.32,36.0,Ecom,CMP013
T0000745,2025-04-15,ST009,,SKU020,2,43.01,0.0,16.0,Ecom,
T0000746,2025-04-15,ST006,C00209,SKU029,2,128.83,0.0,61.0,Ecom,
T0000747,2025-04-15,ST016,C00171,SKU031,2,195.96,0.0,71.0,Store,
T0000748,2025-04-15,ST017,C00281,SKU005,2,105.29,4.92,41.0,Ecom,
T0000749,2025-04-15,ST006,C00070,SKU041,1,22.18,0.0,10.5,Store,
T0000750,2025-04-15,ST003,C00265,SKU008,2,123.65,0.0,56.0,Store,
T0000751,2025-04-16,ST011,C00069,SKU029,1,60.02,7.32,30.5,Ecom,
T0000752,2025-04-16,ST007,C00094,SKU006,1,48.02,2.76,23.0,Ecom,
T0000753,2025-04-16,ST008,C00286,SKU002,1,35.88,0.0,13.0,Ecom,
T0000754,2025-04-16,ST007,C00087,SKU017,1,99.38,12.12,50.5,Store,
T0000755,2025-04-16,ST003,C00291,SKU024,1,35.42,4.32,18.0,Ecom,
T0000756,2025-04-16,ST015,C00115,SKU044,2,79.49,0.0,36.0,Ecom,
T0000757,2025-04-17,ST009,C00196,SKU019,1,149.18,0.0,55.5,Ecom,
T0000758,2025-04-17,ST010,C00215,SKU047,1,53.86,0.0,25.5,Store,CMP009
T0000759,2025-04-17,ST015,C00235,SKU016,1,100.22,5.76,48.0,Ecom,CMP011
T0000760,2025-04-17,ST013,C00197,SKU044,2,88.13,8.64,36.0,Store,CMP004
T0000761,2025-04-17,ST002,C00242,SKU022,2,48.67,6.24,26.0,Ecom,
T0000762,2025-04-17,ST020,C00024,SKU046,1,57.96,5.52,23.0,Store,
T0000763,2025-04-18,ST013,C00287,SKU043,1,41.66,0.0,15.5,Store,CMP017
T0000764,2025-04-18,ST011,C00163,SKU030,2,137.81,7.92,66.0,Store,CMP004
T0000765,2025-04-18,ST005,C00144,SKU032,2,195.17,9.12,76.0,Ecom,
T0000766,2025-04-18,ST020,C00265,SKU049,1,84.18,0.0,30.5,Ecom,
T0000767,2025-04-18,ST005,C00226,SKU036,1,129.02,0.0,48.0,Store,CMP006
T0000768,2025-04-18,ST009,C00224,SKU011,1,91.16,4.26,35.5,Ecom,CMP012
T0000769,2025-04-19,ST018,C00058,SKU032,2,160.51,0.0,76.0,Store,CMP003
T0000770,2025-04-19,ST010,C00261,SKU012,2,142.27,18.24,76.0,Store,
T0000771,2025-04-19,ST019,C00293,SKU001,1,23.18,0.0,10.5,Store,CMP016
T0000772,2025-04-19,ST011,C00063,SKU002,1,25.58,3.12,13.0,Store,
T0000773,2025-04-19,ST011,,SKU010,1,68.9,3.96,33.0,Ecom,
T0000774,2025-04-19,ST020,,SKU043,3,117.18,11.16,46.5,Store,
T0000775,2025-04-19,ST019,C00025,SKU009,2,134.69,0.0,61.0,Store,
T0000776,2025-04-19,ST003,C00196,SKU036,1,105.98,0.0,48.0,Store,CMP013
T0000777,2025-04-19,ST007,C00207,SKU011,1,78.38,0.0,35.5,Ecom,CMP016
T0000778,2025-04-19,ST010,C00184,SKU044,1,38.02,0.0,18.0,Store,
T0000779,2025-04-20,ST013,C00217,SKU031,1,91.16,4.26,35.5,Store,
T0000780,2025-04-20,ST014,C00021,SKU041,1,20.92,1.26,10.5,Store,
T0000781,2025-04-20,ST005,C00269,SKU032,1,97.58,4.56,38.0,Ecom,
T0000782,2025-04-20,ST016,C00066,SKU020,1,22.08,0.0,8.0,Store,
T0000783,2025-04-20,ST010,,SKU037,1,106.66,0.0,50.5,Store,
T0000784,2025-04-20,ST014,C00292,SKU007,2,107.71,0.0,51.0,Ecom,CMP003
T0000785,2025-04-20,ST001,C00237,SKU008,1,75.26,0.0,28.0,Store,
T0000786,2025-04-20,ST014,C00233,SKU046,2,91.63,5.52,46.0,Store,
T0000787,2025-04-20,ST006,C00133,SKU014,2,181.63,0.0,86.0,Store,
T0000788,2025-04-20,ST013,,SKU008,1,71.9,3.36,28.0,Ecom,
T0000789,2025-04-21,ST020,C00185,SKU047,1,67.32,3.06,25.5,Store,
T0000790,2025-04-21,ST005,C00009,SKU001,1,28.22,0.0,10.5,Store,
T0000791,2025-04-21,ST005,C00276,SKU042,1,34.94,0.0,13.0,Store,
T0000792,2025-04-21,ST014,,SKU002,2,51.79,3.12,26.0,Store,
T0000793,2025-04-21,ST015,C00151,SKU038,1,110.66,6.36,53.0,Store,CMP001
T0000794,2025-04-21,ST014,C00297,SKU027,1,47.74,6.12,25.5,Store,
T0000795,2025-04-22,ST013,C00250,SKU032,1,102.14,0.0,38.0,Store,
T0000796,2025-04-22,ST011,,SKU036,2,200.45,11.52,96.0,Store,
T0000797,2025-04-22,ST020,C00224,SKU042,1,35.88,0.0,13.0,Store,
T0000798,2025-04-22,ST015,C00174,SKU015,3,285.01,16.38,136.5,Ecom,CMP010
T0000799,2025-04-22,ST013,C00185,SKU027,2,137.09,0.0,51.0,Store,
T0000800,2025-04-22,ST003,C00089,SKU043,1,30.5,3.72,15.5,Ecom,
T0000801,2025-04-23,ST016,C00286,SKU020,1,22.08,0.0,8.0,Store,
T0000802,2025-04-23,ST006,C00258,SKU012,1,80.26,0.0,38.0,Store,
T0000803,2025-04-23,ST008,C00250,SKU008,1,77.28,0.0,28.0,Ecom,
T0000804,2025-04-23,ST018,C00264,SKU018,1,111.94,0.0,53.0,Ecom,
T0000805,2025-04-23,ST015,C00057,SKU030,3,194.83,23.76,99.0,Ecom,
T0000806,2025-04-23,ST004,,SKU036,1,132.48,0.0,48.0,Ecom,
T0000807,2025-04-24,ST006,C00227,SKU047,2,101.59,6.12,51.0,Store,
T0000808,2025-04-24,ST012,C00063,SKU022,2,68.64,3.12,26.0,Ecom,
T0000809,2025-04-24,ST001,C00243,SKU016,1,117.5,11.52,48.0,Store,CMP009
T0000810,2025-04-24,ST014,C00126,SKU024,1,33.7,4.32,18.0,Store,
T0000811,2025-04-24,ST014,C00235,SKU027,3,143.21,18.36,76.5,Store,
T0000812,2025-04-24,ST001,C00006,SKU029,2,149.33,14.64,61.0,Store,
T0000813,2025-04-25,ST011,C00085,SKU026,1,48.02,2.76,23.0,Store,
T0000814,2025-04-25,ST005,,SKU037,1,123.62,12.12,50.5,Store,
T0000815,2025-04-25,ST018,C00161,SKU020,2,33.79,0.0,16.0,Ecom,
T0000816,2025-04-25,ST020,C00229,SKU010,1,83.16,7.92,33.0,Store,
T0000817,2025-04-25,ST015,C00208,SKU045,2,90.53,0.0,41.0,Store,CMP018
T0000818,2025-04-25,ST005,C00146,SKU034,1,105.26,10.32,43.0,Store,
T0000819,2025-04-26,ST006,,SKU002,2,48.67,6.24,26.0,Ecom,CMP010
T0000820,2025-04-26,ST017,C00191,SKU008,1,68.54,6.72,28.0,Store,
T0000821,2025-04-26,ST004,C00003,SKU029,1,84.18,0.0,30.5,Ecom,
T0000822,2025-04-26,ST019,C00274,SKU046,2,101.57,0.0,46.0,Store,
T0000823,2025-04-26,ST019,C00194,SKU044,1,39.74,0.0,18.0,Store,CMP017
T0000824,2025-04-26,ST012,,SKU030,2,174.24,7.92,66.0,Store,CMP002
T0000825,2025-04-26,ST005,C00040,SKU031,1,86.9,8.52,35.5,Store,
T0000826,2025-04-26,ST013,C00217,SKU017,3,389.05,18.18,151.5,Store,
T0000827,2025-04-26,ST006,C00249,SKU010,2,139.39,0.0,66.0,Store,
T0000828,2025-04-26,ST017,C00234,SKU008,1,75.26,0.0,28.0,Store,
T0000829,2025-04-27,ST004,C00057,SKU039,1,139.86,13.32,55.5,Store,
T0000830,2025-04-27,ST004,C00192,SKU024,1,47.52,2.16,18.0,Store,CMP005
T0000831,2025-04-27,ST019,,SKU027,2,112.61,0.0,51.0,Store,CMP024
T0000832,2025-04-27,ST004,C00023,SKU036,1,120.96,11.52,48.0,Store,
T0000833,2025-04-27,ST011,C00068,SKU025,2,80.69,9.84,41.0,Ecom,
T0000834,2025-04-27,ST015,C00167,SKU010,1,64.94,7.92,33.0,Store,
T0000835,2025-04-27,ST008,C00024,SKU026,3,182.16,8.28,69.0,Store,
T0000836,2025-04-27,ST006,,SKU046,1,48.58,0.0,23.0,Store,
T0000837,2025-04-27,ST018,C00278,SKU006,1,48.58,0.0,23.0,Store,
T0000838,2025-04-27,ST016,C00062,SKU033,1,102.06,9.72,40.5,Store,CMP001
T0000839,2025-04-28,ST007,C00297,SKU016,1,94.46,11.52,48.0,Store,
T0000840,2025-04-28,ST002,C00012,SKU032,1,80.26,0.0,38.0,Ecom,
T0000841,2025-04-28,ST011,C00059,SKU025,3,121.03,14.76,61.5,Store,CMP005
T0000842,2025-04-28,ST003,C00209,SKU010,1,72.86,0.0,33.0,Store,
T0000843,2025-04-28,ST001,,SKU046,1,61.82,0.0,23.0,Store,CMP011
T0000844,2025-04-28,ST004,C00122,SKU004,1,45.36,4.32,18.0,Store,
T0000845,2025-04-29,ST002,C00209,SKU021,1,22.18,0.0,10.5,Store,
T0000846,2025-04-29,ST001,C00052,SKU018,1,129.74,12.72,53.0,Store,
T0000847,2025-04-29,ST019,C00257,SKU027,1,56.3,0.0,25.5,Ecom,
T0000848,2025-04-29,ST008,C00285,SKU035,1,125.58,0.0,45.5,Ecom,
T0000849,2025-04-29,ST020,C00086,SKU019,1,146.52,6.66,55.5,Ecom,CMP009
T0000850,2025-04-29,ST013,C00109,SKU023,1,37.94,3.72,15.5,Store,
T0000851,2025-04-30,ST018,,SKU037,1,106.66,0.0,50.5,Ecom,
T0000852,2025-04-30,ST009,C00259,SKU028,3,225.79,0.0,84.0,Ecom,
T0000853,2025-04-30,ST009,C00140,SKU049,1,81.98,0.0,30.5,Store,
T0000854,2025-04-30,ST020,,SKU022,1,35.88,0.0,13.0,Store,
T0000855,2025-04-30,ST001,C00285,SKU044,2,92.45,4.32,36.0,Store,
T0000856,2025-04-30,ST003,,SKU035,2,190.01,10.92,91.0,Store,
T0000857,2025-05-01,ST013,C00091,SKU039,2,298.37,0.0,111.0,Ecom,CMP012
T0000858,2025-05-01,ST015,C00011,SKU001,2,46.37,0.0,21.0,Store,CMP020
T0000859,2025-05-01,ST008,C00186,SKU015,1,120.12,5.46,45.5,Store,
T0000860,2025-05-01,ST007,C00203,SKU001,1,23.18,0.0,10.5,Store,
T0000861,2025-05-01,ST018,C00290,SKU013,1,75.82,9.72,40.5,Store,
T0000862,2025-05-01,ST005,,SKU048,1,68.54,6.72,28.0,Ecom,
T0000863,2025-05-02,ST009,C00012,SKU013,3,297.43,29.16,121.5,Store,
T0000864,2025-05-02,ST015,C00027,SKU001,2,46.37,0.0,21.0,Ecom,
T0000865,2025-05-02,ST009,C00239,SKU008,1,68.54,6.72,28.0,Ecom,
T0000866,2025-05-02,ST008,C00216,SKU004,1,49.68,0.0,18.0,Store,CMP007
T0000867,2025-05-02,ST019,C00116,SKU002,3,81.43,4.68,39.0,Ecom,
T0000868,2025-05-02,ST007,C00033,SKU011,1,78.38,0.0,35.5,Ecom,CMP014
T0000869,2025-05-03,ST019,C00129,SKU041,1,21.92,1.26,10.5,Ecom,CMP011
T0000870,2025-05-03,ST011,C00038,SKU034,2,169.25,20.64,86.0,Store,
T0000871,2025-05-03,ST015,C00032,SKU038,2,221.33,12.72,106.0,Ecom,
T0000872,2025-05-03,ST003,,SKU009,2,134.69,0.0,61.0,Store,
T0000873,2025-05-03,ST003,C00287,SKU007,1,53.24,3.06,25.5,Store,
T0000874,2025-05-03,ST014,C00006,SKU015,1,90.64,5.46,45.5,Ecom,
T0000875,2025-05-03,ST020,C00014,SKU007,1,70.38,0.0,25.5,Store,
T0000876,2025-05-03,ST001,C00100,SKU039,2,298.37,0.0,111.0,Store,
T0000877,2025-05-03,ST014,C00228,SKU031,1,74.98,0.0,35.5,Store,
T0000878,2025-05-03,ST010,C00184,SKU038,1,99.22,12.72,53.0,Store,
T0000879,2025-05-04,ST010,C00189,SKU039,3,311.69,39.96,166.5,Store,
T0000880,2025-05-04,ST002,C00287,SKU016,2,191.23,11.52,96.0,Ecom,
T0000881,2025-05-04,ST007,C00244,SKU005,1,42.8,2.46,20.5,Store,
T0000882,2025-05-04,ST019,C00154,SKU037,1,111.5,0.0,50.5,Store,CMP002
T0000883,2025-05-04,ST001,C00118,SKU041,1,28.22,0.0,10.5,Ecom,CMP024
T0000884,2025-05-04,ST011,C00205,SKU048,1,61.82,0.0,28.0,Store,
T0000885,2025-05-04,ST001,,SKU036,1,129.02,0.0,48.0,Ecom,
T0000886,2025-05-04,ST012,C00102,SKU003,1,42.78,0.0,15.5,Store,CMP009
T0000887,2025-05-04,ST011,C00101,SKU036,1,105.98,0.0,48.0,Store,
T0000888,2025-05-04,ST005,C00057,SKU025,1,55.1,0.0,20.5,Store,
T0000889,2025-05-05,ST012,C00270,SKU043,3,117.18,11.16,46.5,Ecom,
T0000890,2025-05-05,ST003,C00067,SKU008,2,123.65,0.0,56.0,Store,
T0000891,2025-05-05,ST011,C00126,SKU039,3,327.67,39.96,166.5,Ecom,
T0000892,2025-05-05,ST010,C00028,SKU010,1,69.7,0.0,33.0,Ecom,
T0000893,2025-05-05,ST019,C00042,SKU032,2,149.57,18.24,76.0,Store,CMP017
T0000894,2025-05-05,ST017,C00238,SKU024,1,48.38,0.0,18.0,Store,
T0000895,2025-05-06,ST016,C00206,SKU031,1,89.46,8.52,35.5,Store,
T0000896,2025-05-06,ST007,C00203,SKU029,1,63.68,3.66,30.5,Store,
T0000897,2025-05-06,ST012,C00069,SKU017,2,278.76,0.0,101.0,Store,
T0000898,2025-05-06,ST019,C00173,SKU003,1,32.36,1.86,15.5,Store,
T0000899,2025-05-06,ST016,C00013,SKU021,1,28.98,0.0,10.5,Store,CMP003
T0000900,2025-05-06,ST003,C00263,SKU019,1,122.54,0.0,55.5,Ecom,
T0000901,2025-05-07,ST004,,SKU008,1,77.28,0.0,28.0,Store,
T0000902,2025-05-07,ST009,C00141,SKU020,1,19.58,1.92,8.0,Ecom,
T0000903,2025-05-07,ST018,,SKU017,1,106.66,0.0,50.5,Store,
T0000904,2025-05-07,ST013,C00007,SKU038,1,129.74,12.72,53.0,Ecom,
T0000905,2025-05-07,ST013,C00108,SKU015,1,111.38,10.92,45.5,Store,
T0000906,2025-05-07,ST015,C00175,SKU047,2,112.61,0.0,51.0,Store,
T0000907,2025-05-08,ST014,C00286,SKU014,1,90.82,0.0,43.0,Store,
T0000908,2025-05-08,ST001,C00182,SKU032,1,97.58,4.56,38.0,Ecom,
T0000909,2025-05-08,ST018,C00012,SKU020,1,16.9,0.0,8.0,Store,
T0000910,2025-05-08,ST011,C00294,SKU037,2,210.89,12.12,101.0,Store,CMP013
T0000911,2025-05-08,ST013,C00169,SKU013,1,104.0,4.86,40.5,Store,
T0000912,2025-05-08,ST006,C00091,SKU007,1,47.74,6.12,25.5,Store,
T0000913,2025-05-09,ST003,C00120,SKU025,1,40.34,4.92,20.5,Store,CMP002
T0000914,2025-05-09,ST001,C00211,SKU011,1,95.42,0.0,35.5,Store,CMP014
T0000915,2025-05-09,ST003,C00106,SKU025,1,45.26,0.0,20.5,Ecom,
T0000916,2025-05-09,ST016,C00159,SKU011,1,89.46,8.52,35.5,Store,
T0000917,2025-05-09,ST007,C00229,SKU001,1,21.92,1.26,10.5,Store,
T0000918,2025-05-09,ST011,C00236,SKU037,1,111.5,0.0,50.5,Store,
T0000919,2025-05-10,ST015,C00153,SKU023,1,34.22,0.0,15.5,Store,
T0000920,2025-05-10,ST020,C00197,SKU047,2,140.76,0.0,51.0,Store,
T0000921,2025-05-10,ST002,C00081,SKU016,1,89.86,11.52,48.0,Ecom,
T0000922,2025-05-10,ST007,C00284,SKU032,1,83.9,0.0,38.0,Store,CMP004
T0000923,2025-05-10,ST011,C00130,SKU027,1,56.3,0.0,25.5,Store,
T0000924,2025-05-10,ST015,C00205,SKU025,2,85.61,4.92,41.0,Store,CMP009
T0000925,2025-05-10,ST005,C00238,SKU021,1,28.22,0.0,10.5,Store,CMP022
T0000926,2025-05-10,ST015,C00143,SKU009,2,134.69,0.0,61.0,Store,
T0000927,2025-05-10,ST006,C00201,SKU019,1,117.22,0.0,55.5,Store,
T0000928,2025-05-10,ST012,C00018,SKU012,2,191.52,18.24,76.0,Store,CMP023
T0000929,2025-05-11,ST017,C00053,SKU042,1,34.94,0.0,13.0,Store,
T0000930,2025-05-11,ST002,C00104,SKU050,3,209.09,0.0,99.0,Store,
T0000931,2025-05-11,ST001,,SKU027,1,68.54,0.0,25.5,Store,
T0000932,2025-05-11,ST004,C00086,SKU043,1,39.06,3.72,15.5,Store,CMP011
T0000933,2025-05-11,ST007,C00278,SKU040,1,16.7,0.96,8.0,Store,CMP007
T0000934,2025-05-11,ST011,,SKU012,1,83.9,0.0,38.0,Store,
T0000935,2025-05-11,ST003,C00189,SKU043,1,34.22,0.0,15.5,Ecom,
T0000936,2025-05-11,ST016,C00292,SKU007,1,70.38,0.0,25.5,Ecom,
T0000937,2025-05-11,ST013,C00069,SKU044,1,48.38,0.0,18.0,Store,
T0000938,2025-05-11,ST003,,SKU022,2,54.29,3.12,26.0,Store,
T0000939,2025-05-12,ST008,C00007,SKU033,1,102.06,9.72,40.5,Store,
T0000940,2025-05-12,ST008,C00125,SKU048,1,77.28,0.0,28.0,Store,CMP016
T0000941,2025-05-12,ST005,C00020,SKU025,1,50.18,4.92,20.5,Store,
T0000942,2025-05-12,ST011,C00021,SKU009,1,63.68,3.66,30.5,Store,
T0000943,2025-05-12,ST001,C00170,SKU015,1,122.3,0.0,45.5,Ecom,
T0000944,2025-05-12,ST008,C00114,SKU044,1,47.52,2.16,18.0,Store,
T0000945,2025-05-13,ST001,C00036,SKU005,3,165.31,0.0,61.5,Store,
T0000946,2025-05-13,ST007,,SKU009,1,67.34,0.0,30.5,Store,CMP003
T0000947,2025-05-13,ST015,C00102,SKU020,1,17.66,0.0,8.0,Store,
T0000948,2025-05-13,ST019,C00104,SKU029,1,63.68,3.66,30.5,Store,CMP012
T0000949,2025-05-13,ST006,C00259,SKU031,1,70.72,4.26,35.5,Ecom,
T0000950,2025-05-13,ST016,C00219,SKU002,2,71.76,0.0,26.0,Store,
T0000951,2025-05-14,ST006,C00157,SKU017,1,100.6,6.06,50.5,Store,
T0000952,2025-05-14,ST011,C00101,SKU009,1,67.34,0.0,30.5,Ecom,CMP017
T0000953,2025-05-14,ST012,C00213,SKU032,3,314.64,0.0,114.0,Store,
T0000954,2025-05-14,ST019,C00020,SKU005,3,135.79,0.0,61.5,Store,
T0000955,2025-05-14,ST007,C00131,SKU049,2,134.69,0.0,61.0,Store,
T0000956,2025-05-14,ST012,,SKU045,1,54.12,2.46,20.5,Store,
T0000957,2025-05-15,ST002,C00015,SKU024,1,38.02,0.0,18.0,Ecom,CMP015
T0000958,2025-05-15,ST005,C00297,SKU017,3,407.23,0.0,151.5,Store,CMP003
T0000959,2025-05-15,ST013,C00042,SKU026,1,61.82,0.0,23.0,Store,
T0000960,2025-05-15,ST014,C00257,SKU017,3,301.79,18.18,151.5,Ecom,
T0000961,2025-05-15,ST003,C00177,SKU007,2,112.61,0.0,51.0,Ecom,
T0000962,2025-05-15,ST013,C00087,SKU045,2,110.21,0.0,41.0,Store,CMP023
T0000963,2025-05-16,ST014,C00221,SKU042,1,27.46,0.0,13.0,Store,CMP005
T0000964,2025-05-16,ST006,C00231,SKU033,1,85.54,0.0,40.5,Ecom,CMP002
T0000965,2025-05-16,ST007,C00210,SKU017,1,99.38,12.12,50.5,Store,CMP021
T0000966,2025-05-16,ST010,C00142,SKU006,1,48.58,0.0,23.0,Store,
T0000967,2025-05-16,ST004,,SKU001,2,57.96,0.0,21.0,Ecom,
T0000968,2025-05-16,ST002,C00004,SKU007,1,47.74,6.12,25.5,Ecom,
T0000969,2025-05-17,ST016,C00220,SKU031,1,97.98,0.0,35.5,Ecom,
T0000970,2025-05-17,ST012,C00030,SKU043,3,128.34,0.0,46.5,Store,
T0000971,2025-05-17,ST013,C00072,SKU047,1,68.54,0.0,25.5,Store,
T0000972,2025-05-17,ST008,C00244,SKU024,1,49.68,0.0,18.0,Ecom,CMP021
T0000973,2025-05-17,ST011,C00024,SKU002,3,86.11,0.0,39.0,Store,
T0000974,2025-05-17,ST016,C00042,SKU026,1,60.72,2.76,23.0,Ecom,
T0000975,2025-05-17,ST004,C00100,SKU047,2,128.52,12.24,51.0,Ecom,
T0000976,2025-05-17,ST017,C00045,SKU003,1,37.94,3.72,15.5,Store,
T0000977,2025-05-17,ST015,C00277,SKU008,1,61.82,0.0,28.0,Store,CMP022
T0000978,2025-05-17,ST004,C00015,SKU028,1,77.28,0.0,28.0,Ecom,
T0000979,2025-05-18,ST008,C00244,SKU047,3,211.14,0.0,76.5,Ecom,
T0000980,2025-05-18,ST016,C00171,SKU006,2,115.92,11.04,46.0,Store,
T0000981,2025-05-18,ST011,C00196,SKU025,1,40.34,4.92,20.5,Store,
T0000982,2025-05-18,ST008,C00149,SKU015,1,125.58,0.0,45.5,Store,
T0000983,2025-05-18,ST007,C00294,SKU048,1,61.82,0.0,28.0,Store,
T0000984,2025-05-18,ST001,,SKU020,1,20.54,0.96,8.0,Store,
T0000985,2025-05-18,ST012,C00065,SKU044,1,45.36,4.32,18.0,Store,
T0000986,2025-05-18,ST001,C00162,SKU035,1,122.3,0.0,45.5,Store,
T0000987,2025-05-18,ST015,C00075,SKU010,2,145.73,0.0,66.0,Store,
T0000988,2025-05-18,ST004,C00294,SKU018,1,146.28,0.0,53.0,Store,
T0000989,2025-05-19,ST013,C00171,SKU004,1,48.38,0.0,18.0,Ecom,
T0000990,2025-05-19,ST008,C00092,SKU045,2,108.24,4.92,41.0,Ecom,
T0000991,2025-05-19,ST006,C00173,SKU002,1,25.9,1.56,13.0,Ecom,
T0000992,2025-05-19,ST013,C00145,SKU005,1,55.1,0.0,20.5,Store,
T0000993,2025-05-19,ST004,C00298,SKU009,2,168.36,0.0,61.0,Store,
T0000994,2025-05-19,ST015,C00071,SKU042,1,27.14,1.56,13.0,Store,
T0000995,2025-05-20,ST007,C00005,SKU048,1,55.1,6.72,28.0,Store,CMP005
T0000996,2025-05-20,ST014,C00029,SKU044,1,35.86,2.16,18.0,Store,CMP002
T0000997,2025-05-20,ST017,C00223,SKU042,3,100.15,4.68,39.0,Store,CMP004
T0000998,2025-05-20,ST016,C00089,SKU020,1,21.12,0.96,8.0,Ecom,
T0000999,2025-05-20,ST003,C00196,SKU050,1,68.9,3.96,33.0,Store,
T0001000,2025-05-20,ST003,C00261,SKU008,1,55.1,6.72,28.0,Store,
T0001001,2025-05-21,ST009,C00093,SKU045,1,52.64,2.46,20.5,Store,
T0001002,2025-05-21,ST011,C00276,SKU005,1,45.26,0.0,20.5,Ecom,
T0001003,2025-05-21,ST017,,SKU032,2,186.05,18.24,76.0,Ecom,
T0001004,2025-05-21,ST004,C00061,SKU049,1,76.86,7.32,30.5,Store,
T0001005,2025-05-21,ST015,C00066,SKU021,1,23.18,0.0,10.5,Ecom,CMP009
T0001006,2025-05-21,ST002,C00260,SKU006,1,43.06,5.52,23.0,Store,CMP022
T0001007,2025-05-22,ST010,C00266,SKU003,2,65.47,0.0,31.0,Store,
T0001008,2025-05-22,ST019,C00268,SKU032,2,167.81,0.0,76.0,Store,
T0001009,2025-05-22,ST004,C00122,SKU043,1,42.78,0.0,15.5,Ecom,
T0001010,2025-05-22,ST005,C00184,SKU039,1,135.86,13.32,55.5,Store,
T0001011,2025-05-22,ST009,C00084,SKU025,1,55.1,0.0,20.5,Store,
T0001012,2025-05-22,ST005,C00138,SKU035,3,366.91,0.0,136.5,Store,
T0001013,2025-05-23,ST017,C00079,SKU039,1,142.52,6.66,55.5,Ecom,
T0001014,2025-05-23,ST008,C00273,SKU005,1,51.66,4.92,20.5,Store,
T0001015,2025-05-23,ST003,C00140,SKU024,1,39.74,0.0,18.0,Store,CMP004
T0001016,2025-05-23,ST008,C00064,SKU025,1,56.58,0.0,20.5,Ecom,
T0001017,2025-05-23,ST004,C00293,SKU034,2,216.72,20.64,86.0,Ecom,CMP004
T0001018,2025-05-23,ST006,C00200,SKU021,1,19.66,2.52,10.5,Ecom,
T0001019,2025-05-24,ST013,C00133,SKU031,1,86.9,8.52,35.5,Store,
T0001020,2025-05-24,ST005,C00137,SKU025,1,55.1,0.0,20.5,Store,
T0001021,2025-05-24,ST020,C00094,SKU027,1,70.38,0.0,25.5,Store,
T0001022,2025-05-24,ST009,C00118,SKU028,1,75.26,0.0,28.0,Store,
T0001023,2025-05-24,ST011,C00040,SKU006,2,101.57,0.0,46.0,Store,CMP002
T0001024,2025-05-24,ST010,C00006,SKU036,3,286.85,17.28,144.0,Ecom,
T0001025,2025-05-24,ST005,C00273,SKU031,1,91.16,4.26,35.5,Ecom,CMP007
T0001026,2025-05-24,ST001,C00274,SKU046,2,123.65,0.0,46.0,Store,
T0001027,2025-05-24,ST017,C00230,SKU044,3,132.19,12.96,54.0,Store,
T0001028,2025-05-24,ST012,C00027,SKU009,1,80.52,3.66,30.5,Store,CMP004
T0001029,2025-05-25,ST008,C00061,SKU035,1,120.12,5.46,45.5,Store,
T0001030,2025-05-25,ST019,C00157,SKU026,3,135.79,16.56,69.0,Store,
T0001031,2025-05-25,ST015,C00030,SKU040,1,15.74,1.92,8.0,Store,
T0001032,2025-05-25,ST004,C00096,SKU001,1,28.98,0.0,10.5,Store,CMP016
T0001033,2025-05-25,ST017,C00211,SKU033,1,104.0,4.86,40.5,Store,CMP022
T0001034,2025-05-25,ST016,C00187,SKU026,1,63.48,0.0,23.0,Store,
T0001035,2025-05-25,ST015,C00083,SKU043,1,32.36,1.86,15.5,Store,CMP023
T0001036,2025-05-25,ST007,,SKU019,1,122.54,0.0,55.5,Store,
T0001037,2025-05-25,ST007,C00137,SKU031,1,74.12,4.26,35.5,Ecom,
T0001038,2025-05-25,ST005,C00205,SKU021,1,26.96,1.26,10.5,Ecom,CMP004
T0001039,2025-05-26,ST005,C00007,SKU010,2,177.41,0.0,66.0,Store,CMP011
T0001040,2025-05-26,ST020,,SKU048,1,77.28,0.0,28.0,Ecom,
T0001041,2025-05-26,ST008,C00262,SKU040,1,22.08,0.0,8.0,Ecom,
T0001042,2025-05-26,ST008,C00102,SKU043,1,42.78,0.0,15.5,Store,
T0001043,2025-05-26,ST006,C00077,SKU013,1,85.54,0.0,40.5,Store,
T0001044,2025-05-26,ST007,C00103,SKU010,1,72.86,0.0,33.0,Store,
T0001045,2025-05-27,ST008,C00246,SKU015,1,120.12,5.46,45.5,Store,
T0001046,2025-05-27,ST009,C00180,SKU024,2,96.77,0.0,36.0,Store,
T0001047,2025-05-27,ST002,,SKU001,2,44.35,0.0,21.0,Store,
T0001048,2025-05-27,ST020,C00130,SKU007,3,211.14,0.0,76.5,Store,
T0001049,2025-05-27,ST001,C00067,SKU044,1,48.38,0.0,18.0,Store,
T0001050,2025-05-27,ST020,C00142,SKU024,1,47.52,2.16,18.0,Store,CMP004
T0001051,2025-05-28,ST020,,SKU008,3,231.84,0.0,84.0,Ecom,CMP015
T0001052,2025-05-28,ST003,C00155,SKU035,2,200.93,0.0,91.0,Store,
T0001053,2025-05-28,ST005,C00130,SKU013,2,198.29,19.44,81.0,Ecom,
T0001054,2025-05-28,ST015,C00224,SKU041,1,21.92,1.26,10.5,Ecom,
T0001055,2025-05-28,ST001,C00067,SKU011,1,86.9,8.52,35.5,Store,CMP023
T0001056,2025-05-28,ST013,C00263,SKU032,3,306.43,0.0,114.0,Store,
T0001057,2025-05-29,ST018,C00140,SKU050,1,69.7,0.0,33.0,Store,CMP007
T0001058,2025-05-29,ST001,C00269,SKU033,1,108.86,0.0,40.5,Store,
T0001059,2025-05-29,ST004,C00274,SKU011,1,97.98,0.0,35.5,Ecom,
T0001060,2025-05-29,ST009,C00027,SKU009,1,81.98,0.0,30.5,Store,
T0001061,2025-05-29,ST004,C00189,SKU001,1,26.46,2.52,10.5,Store,CMP005
T0001062,2025-05-29,ST020,C00030,SKU019,1,153.18,0.0,55.5,Store,
T0001063,2025-05-30,ST009,C00009,SKU012,1,93.02,9.12,38.0,Store,CMP024
T0001064,2025-05-30,ST009,C00283,SKU041,1,26.96,1.26,10.5,Store,CMP009
T0001065,2025-05-30,ST013,C00223,SKU010,1,84.74,3.96,33.0,Store,CMP006
T0001066,2025-05-30,ST006,C00093,SKU013,1,85.54,0.0,40.5,Ecom,
T0001067,2025-05-30,ST013,C00036,SKU044,1,46.22,2.16,18.0,Ecom,CMP021
T0001068,2025-05-30,ST004,C00007,SKU047,1,67.32,3.06,25.5,Store,
T0001069,2025-05-31,ST001,C00023,SKU049,1,81.98,0.0,30.5,Store,CMP021
T0001070,2025-05-31,ST001,C00174,SKU007,2,137.09,0.0,51.0,Ecom,CMP016
T0001071,2025-05-31,ST015,C00246,SKU011,1,78.38,0.0,35.5,Store,
T0001072,2025-05-31,ST018,,SKU008,1,52.42,6.72,28.0,Store,
T0001073,2025-05-31,ST014,,SKU010,1,69.7,0.0,33.0,Store,
T0001074,2025-05-31,ST010,C00197,SKU015,1,96.1,0.0,45.5,Ecom,
T0001075,2025-05-31,ST008,C00145,SKU007,1,64.26,6.12,25.5,Store,
T0001076,2025-05-31,ST003,C00092,SKU003,1,34.22,0.0,15.5,Store,
T0001077,2025-05-31,ST005,C00147,SKU043,1,41.66,0.0,15.5,Store,CMP016
T0001078,2025-05-31,ST009,C00002,SKU046,2,123.65,0.0,46.0,Store,
T0001079,2025-06-01,ST005,C00245,SKU025,2,110.21,0.0,41.0,Ecom,
T0001080,2025-06-01,ST009,,SKU010,3,266.11,0.0,99.0,Store,
T0001081,2025-06-01,ST016,C00212,SKU028,1,77.28,0.0,28.0,Ecom,CMP021
T0001082,2025-06-01,ST013,C00276,SKU027,1,62.42,6.12,25.5,Store,
T0001083,2025-06-01,ST003,C00270,SKU038,1,117.02,0.0,53.0,Store,
T0001084,2025-06-01,ST001,C00009,SKU014,1,110.42,5.16,43.0,Ecom,
T0001085,2025-06-01,ST002,C00072,SKU023,1,32.74,0.0,15.5,Store,
T0001086,2025-06-01,ST014,C00115,SKU016,1,101.38,0.0,48.0,Store,CMP023
T0001087,2025-06-01,ST013,,SKU047,3,205.63,0.0,76.5,Store,CMP004
T0001088,2025-06-01,ST003,C00081,SKU031,1,78.38,0.0,35.5,Store,CMP008
T0001089,2025-06-02,ST019,C00094,SKU027,1,56.3,0.0,25.5,Store,
T0001090,2025-06-02,ST010,C00173,SKU031,1,74.98,0.0,35.5,Store,
T0001091,2025-06-02,ST002,C00258,SKU039,1,110.56,6.66,55.5,Store,
T0001092,2025-06-02,ST015,C00133,SKU036,2,188.93,23.04,96.0,Store,
T0001093,2025-06-02,ST006,C00268,SKU018,1,111.94,0.0,53.0,Store,
T0001094,2025-06-02,ST002,C00287,SKU015,1,96.1,0.0,45.5,Store,
T0001095,2025-06-03,ST011,C00195,SKU042,1,28.7,0.0,13.0,Store,
T0001096,2025-06-03,ST004,,SKU007,1,70.38,0.0,25.5,Store,CMP010
T0001097,2025-06-03,ST004,C00006,SKU005,2,113.16,0.0,41.0,Store,CMP007
T0001098,2025-06-03,ST002,C00292,SKU016,1,89.86,11.52,48.0,Store,
T0001099,2025-06-03,ST002,,SKU021,1,22.18,0.0,10.5,Ecom,
T0001100,2025-06-03,ST017,C00201,SKU013,2,217.73,0.0,81.0,Store,
T0001101,2025-06-04,ST014,C00258,SKU048,2,118.27,0.0,56.0,Store,CMP013
T0001102,2025-06-04,ST002,C00238,SKU019,1,117.22,0.0,55.5,Store,
T0001103,2025-06-04,ST007,C00083,SKU044,3,106.27,12.96,54.0,Ecom,
T0001104,2025-06-04,ST017,C00068,SKU050,1,88.7,0.0,33.0,Ecom,
T0001105,2025-06-04,ST002,C00199,SKU046,1,43.06,5.52,23.0,Ecom,
T0001106,2025-06-04,ST019,C00050,SKU041,2,46.37,0.0,21.0,Store,
T0001107,2025-06-05,ST003,,SKU032,1,83.9,0.0,38.0,Store,CMP009
T0001108,2025-06-05,ST012,,SKU006,2,121.44,5.52,46.0,Ecom,CMP016
T0001109,2025-06-05,ST015,C00064,SKU042,3,81.43,4.68,39.0,Store,CMP010
T0001110,2025-06-05,ST020,C00188,SKU044,1,45.36,4.32,18.0,Store,
T0001111,2025-06-05,ST014,C00022,SKU033,1,85.54,0.0,40.5,Store,
T0001112,2025-06-05,ST018,C00054,SKU001,1,22.18,0.0,10.5,Ecom,
T0001113,2025-06-06,ST008,C00048,SKU025,1,54.12,2.46,20.5,Ecom,
T0001114,2025-06-06,ST015,,SKU007,2,106.49,6.12,51.0,Store,
T0001115,2025-06-06,ST011,C00249,SKU005,1,42.8,2.46,20.5,Store,CMP015
T0001116,2025-06-06,ST005,C00110,SKU031,1,95.42,0.0,35.5,Ecom,
T0001117,2025-06-06,ST002,C00243,SKU024,1,38.02,0.0,18.0,Ecom,
T0001118,2025-06-06,ST014,C00091,SKU018,1,111.94,0.0,53.0,Store,CMP003
T0001119,2025-06-07,ST015,C00133,SKU027,1,56.3,0.0,25.5,Store,CMP014
T0001120,2025-06-07,ST010,C00215,SKU011,1,66.46,8.52,35.5,Store,
T0001121,2025-06-07,ST014,C00293,SKU023,1,32.74,0.0,15.5,Ecom,
T0001122,2025-06-07,ST007,C00297,SKU005,1,45.26,0.0,20.5,Ecom,
T0001123,2025-06-07,ST011,C00235,SKU001,3,65.77,3.78,31.5,Store,
T0001124,2025-06-07,ST014,C00002,SKU017,3,319.97,0.0,151.5,Store,
T0001125,2025-06-07,ST019,,SKU007,2,112.61,0.0,51.0,Store,
T0001126,2025-06-07,ST006,C00179,SKU039,1,117.22,0.0,55.5,Store,
T0001127,2025-06-07,ST001,C00009,SKU024,1,48.38,0.0,18.0,Ecom,
T0001128,2025-06-07,ST016,C00212,SKU042,1,35.88,0.0,13.0,Store,
T0001129,2025-06-08,ST011,C00235,SKU008,1,61.82,0.0,28.0,Store,
T0001130,2025-06-08,ST014,C00224,SKU025,1,38.38,4.92,20.5,Ecom,
T0001131,2025-06-08,ST004,C00054,SKU006,1,63.48,0.0,23.0,Store,
T0001132,2025-06-08,ST016,C00279,SKU048,1,73.92,3.36,28.0,Ecom,
T0001133,2025-06-08,ST010,C00233,SKU027,1,53.86,0.0,25.5,Ecom,CMP016
T0001134,2025-06-08,ST012,C00203,SKU030,1,91.08,0.0,33.0,Store,
T0001135,2025-06-08,ST009,C00213,SKU043,1,41.66,0.0,15.5,Store,
T0001136,2025-06-08,ST001,C00192,SKU002,2,63.65,6.24,26.0,Store,
T0001137,2025-06-08,ST011,C00221,SKU011,1,74.12,4.26,35.5,Store,CMP021
T0001138,2025-06-08,ST002,C00200,SKU037,3,319.97,0.0,151.5,Store,
T0001139,2025-06-09,ST006,C00065,SKU028,1,52.42,6.72,28.0,Ecom,
T0001140,2025-06-09,ST009,C00166,SKU036,1,129.02,0.0,48.0,Store,CMP001
T0001141,2025-06-09,ST019,,SKU010,2,145.73,0.0,66.0,Store,
T0001142,2025-06-09,ST005,C00184,SKU030,1,88.7,0.0,33.0,Store,
T0001143,2025-06-09,ST008,C00194,SKU047,2,140.76,0.0,51.0,Store,CMP005
T0001144,2025-06-09,ST019,,SKU007,3,168.91,0.0,76.5,Store,CMP010
T0001145,2025-06-10,ST006,,SKU006,2,97.15,0.0,46.0,Store,
T0001146,2025-06-10,ST001,,SKU027,3,205.63,0.0,76.5,Store,CMP014
T0001147,2025-06-10,ST011,C00083,SKU041,1,23.18,0.0,10.5,Store,
T0001148,2025-06-10,ST020,,SKU003,1,42.78,0.0,15.5,Store,
T0001149,2025-06-10,ST018,C00131,SKU001,3,66.53,0.0,31.5,Store,
T0001150,2025-06-10,ST017,C00111,SKU033,2,217.73,0.0,81.0,Store,
T0001151,2025-06-11,ST005,,SKU015,1,122.3,0.0,45.5,Store,CMP016
T0001152,2025-06-11,ST003,C00151,SKU023,1,32.36,1.86,15.5,Ecom,
T0001153,2025-06-11,ST007,C00144,SKU017,3,334.51,0.0,151.5,Ecom,
T0001154,2025-06-11,ST010,C00250,SKU011,1,70.72,4.26,35.5,Ecom,
T0001155,2025-06-11,ST011,,SKU040,1,17.66,0.0,8.0,Store,
T0001156,2025-06-11,ST003,C00018,SKU029,3,202.03,0.0,91.5,Store,
T0001157,2025-06-12,ST017,C00059,SKU023,1,41.66,0.0,15.5,Store,
T0001158,2025-06-12,ST008,C00191,SKU005,1,56.58,0.0,20.5,Store,CMP011
T0001159,2025-06-12,ST011,C00165,SKU014,2,169.25,20.64,86.0,Store,CMP010
T0001160,2025-06-12,ST017,,SKU014,1,105.26,10.32,43.0,Ecom,
T0001161,2025-06-12,ST003,C00216,SKU037,1,105.44,6.06,50.5,Store,
T0001162,2025-06-12,ST007,C00256,SKU004,1,39.74,0.0,18.0,Store,
T0001163,2025-06-13,ST006,C00197,SKU039,1,117.22,0.0,55.5,Store,
T0001164,2025-06-13,ST019,C00146,SKU001,1,21.92,1.26,10.5,Ecom,CMP018
T0001165,2025-06-13,ST002,C00036,SKU022,1,25.9,1.56,13.0,Store,
T0001166,2025-06-13,ST012,,SKU026,2,121.44,5.52,46.0,Store,
T0001167,2025-06-13,ST015,C00063,SKU032,2,149.57,18.24,76.0,Store,CMP008
T0001168,2025-06-13,ST001,,SKU009,1,78.32,3.66,30.5,Store,CMP003
T0001169,2025-06-14,ST012,C00027,SKU035,1,125.58,0.0,45.5,Store,CMP010
T0001170,2025-06-14,ST011,C00195,SKU045,1,45.26,0.0,20.5,Store,
T0001171,2025-06-14,ST004,C00076,SKU009,2,161.04,7.32,61.0,Store,
T0001172,2025-06-14,ST017,C00245,SKU034,1,115.58,0.0,43.0,Ecom,
T0001173,2025-06-14,ST008,C00152,SKU006,2,126.96,0.0,46.0,Ecom,
T0001174,2025-06-14,ST007,,SKU045,3,135.79,0.0,61.5,Store,CMP022
T0001175,2025-06-14,ST013,C00175,SKU013,1,99.14,9.72,40.5,Store,
T0001176,2025-06-14,ST011,C00233,SKU049,1,60.02,7.32,30.5,Store,CMP005
T0001177,2025-06-14,ST012,C00263,SKU025,1,54.12,2.46,20.5,Store,CMP009
T0001178,2025-06-14,ST010,C00076,SKU037,1,106.66,0.0,50.5,Store,
T0001179,2025-06-15,ST015,C00244,SKU012,1,79.34,4.56,38.0,Store,
T0001180,2025-06-15,ST018,C00109,SKU006,1,43.06,5.52,23.0,Store,
T0001181,2025-06-15,ST015,C00026,SKU018,1,110.66,6.36,53.0,Store,CMP007
T0001182,2025-06-15,ST020,C00253,SKU018,1,146.28,0.0,53.0,Store,
T0001183,2025-06-15,ST004,,SKU015,2,229.32,21.84,91.0,Store,CMP003
T0001184,2025-06-15,ST009,C00208,SKU015,1,122.3,0.0,45.5,Store,CMP023
T0001185,2025-06-15,ST007,C00178,SKU011,1,69.86,8.52,35.5,Store,
T0001186,2025-06-15,ST006,C00245,SKU033,2,171.07,0.0,81.0,Store,CMP022
T0001187,2025-06-15,ST006,C00073,SKU022,3,77.69,4.68,39.0,Store,
T0001188,2025-06-15,ST009,C00005,SKU005,1,52.64,2.46,20.5,Store,
T0001189,2025-06-16,ST008,,SKU031,2,178.92,17.04,71.0,Store,
T0001190,2025-06-16,ST008,C00076,SKU034,2,237.36,0.0,86.0,Ecom,
T0001191,2025-06-16,ST015,C00280,SKU032,1,79.34,4.56,38.0,Store,CMP015
T0001192,2025-06-16,ST012,C00266,SKU020,2,40.32,3.84,16.0,Store,
T0001193,2025-06-16,ST017,C00076,SKU047,3,205.63,0.0,76.5,Store,
T0001194,2025-06-16,ST016,C00221,SKU002,1,35.88,0.0,13.0,Store,CMP013
T0001195,2025-06-17,ST009,C00231,SKU041,3,77.11,7.56,31.5,Store,CMP022
T0001196,2025-06-17,ST011,C00142,SKU026,1,50.78,0.0,23.0,Store,
T0001197,2025-06-17,ST020,C00233,SKU008,1,77.28,0.0,28.0,Ecom,
T0001198,2025-06-17,ST016,C00077,SKU044,1,49.68,0.0,18.0,Store,
T0001199,2025-06-17,ST010,C00151,SKU032,1,80.26,0.0,38.0,Store,CMP019
T0001200,2025-06-17,ST016,,SKU020,1,22.08,0.0,8.0,Store,CMP005
T0001201,2025-06-18,ST010,C00288,SKU033,1,85.54,0.0,40.5,Store,
T0001202,2025-06-18,ST007,C00042,SKU028,1,61.82,0.0,28.0,Store,
T0001203,2025-06-18,ST013,C00051,SKU028,2,150.53,0.0,56.0,Store,
T0001204,2025-06-18,ST014,C00297,SKU044,1,38.02,0.0,18.0,Store,CMP014
T0001205,2025-06-18,ST010,,SKU020,1,15.94,0.96,8.0,Store,
T0001206,2025-06-18,ST014,C00227,SKU007,1,47.74,6.12,25.5,Store,
T0001207,2025-06-19,ST015,C00216,SKU023,3,97.09,5.58,46.5,Store,CMP018
T0001208,2025-06-19,ST014,C00155,SKU006,2,86.11,11.04,46.0,Store,
T0001209,2025-06-19,ST018,C00028,SKU037,2,201.19,12.12,101.0,Store,CMP022
T0001210,2025-06-19,ST017,C00044,SKU030,1,88.7,0.0,33.0,Store,
T0001211,2025-06-19,ST010,C00170,SKU037,2,213.31,0.0,101.0,Store,
T0001212,2025-06-19,ST002,C00074,SKU045,1,40.84,2.46,20.5,Store,CMP022
T0001213,2025-06-20,ST005,C00004,SKU020,2,39.17,3.84,16.0,Store,
T0001214,2025-06-20,ST001,C00062,SKU010,1,88.7,0.0,33.0,Store,CMP016
T0001215,2025-06-20,ST017,C00063,SKU029,1,78.32,3.66,30.5,Ecom,
T0001216,2025-06-20,ST018,C00225,SKU017,2,189.07,24.24,101.0,Store,CMP005
T0001217,2025-06-20,ST006,C00124,SKU010,1,61.78,7.92,33.0,Store,CMP016
T0001218,2025-06-20,ST004,C00141,SKU038,1,146.28,0.0,53.0,Ecom,
T0001219,2025-06-21,ST005,C00062,SKU002,1,34.94,0.0,13.0,Store,
T0001220,2025-06-21,ST020,,SKU029,2,168.36,0.0,61.0,Ecom,
T0001221,2025-06-21,ST009,C00184,SKU001,1,25.7,2.52,10.5,Store,CMP023
T0001222,2025-06-21,ST017,C00078,SKU005,1,50.18,4.92,20.5,Store,
T0001223,2025-06-21,ST005,C00156,SKU018,3,427.39,0.0,159.0,Store,
T0001224,2025-06-21,ST013,C00093,SKU031,1,86.9,8.52,35.5,Store,
T0001225,2025-06-21,ST005,C00298,SKU045,1,50.18,4.92,20.5,Store,
T0001226,2025-06-21,ST001,C00050,SKU047,1,65.48,3.06,25.5,Store,
T0001227,2025-06-21,ST008,C00122,SKU050,1,91.08,0.0,33.0,Store,
T0001228,2025-06-21,ST014,,SKU005,1,43.3,0.0,20.5,Store,
T0001229,2025-06-22,ST012,C00016,SKU039,3,459.54,0.0,166.5,Store,CMP015
T0001230,2025-06-22,ST019,C00130,SKU036,1,105.98,0.0,48.0,Store,CMP024
T0001231,2025-06-22,ST017,,SKU013,1,108.86,0.0,40.5,Ecom,CMP005
T0001232,2025-06-22,ST012,C00280,SKU050,2,182.16,0.0,66.0,Ecom,CMP024
T0001233,2025-06-22,ST017,C00107,SKU032,1,97.58,4.56,38.0,Store,
T0001234,2025-06-22,ST018,C00225,SKU009,1,60.76,3.66,30.5,Store,
T0001235,2025-06-22,ST005,C00061,SKU034,1,115.58,0.0,43.0,Store,
T0001236,2025-06-22,ST008,C00129,SKU019,1,153.18,0.0,55.5,Ecom,CMP006
T0001237,2025-06-22,ST003,C00266,SKU035,3,268.63,32.76,136.5,Store,
T0001238,2025-06-22,ST018,C00299,SKU045,1,43.3,0.0,20.5,Store,
T0001239,2025-06-23,ST014,C00031,SKU017,1,94.54,12.12,50.5,Store,
T0001240,2025-06-23,ST002,C00289,SKU016,2,202.75,0.0,96.0,Store,
T0001241,2025-06-23,ST014,C00042,SKU039,2,221.11,13.32,111.0,Store,
T0001242,2025-06-23,ST002,,SKU007,1,53.86,0.0,25.5,Store,
T0001243,2025-06-23,ST008,C00014,SKU002,2,71.76,0.0,26.0,Ecom,
T0001244,2025-06-23,ST001,C00199,SKU036,2,258.05,0.0,96.0,Store,
T0001245,2025-06-24,ST005,C00189,SKU008,1,75.26,0.0,28.0,Store,
T0001246,2025-06-24,ST008,C00117,SKU006,1,57.96,5.52,23.0,Ecom,
T0001247,2025-06-24,ST001,C00030,SKU047,1,68.54,0.0,25.5,Store,
T0001248,2025-06-24,ST011,C00126,SKU023,3,102.67,0.0,46.5,Store,
T0001249,2025-06-24,ST004,,SKU043,1,39.06,3.72,15.5,Ecom,CMP023
T0001250,2025-06-24,ST012,C00155,SKU015,3,343.98,32.76,136.5,Store,
T0001251,2025-06-25,ST017,C00278,SKU018,1,142.46,0.0,53.0,Store,
T0001252,2025-06-25,ST020,C00105,SKU032,2,191.52,18.24,76.0,Store,CMP024
T0001253,2025-06-25,ST004,C00073,SKU024,1,49.68,0.0,18.0,Store,
T0001254,2025-06-25,ST015,,SKU008,2,123.65,0.0,56.0,Store,CMP013
T0001255,2025-06-25,ST003,C00197,SKU004,1,37.58,2.16,18.0,Store,
T0001256,2025-06-25,ST007,C00221,SKU025,1,45.26,0.0,20.5,Ecom,CMP012
T0001257,2025-06-26,ST020,C00135,SKU049,2,153.72,14.64,61.0,Store,CMP001
T0001258,2025-06-26,ST020,C00030,SKU028,2,141.12,13.44,56.0,Ecom,
T0001259,2025-06-26,ST010,C00294,SKU035,2,170.35,21.84,91.0,Store,CMP013
T0001260,2025-06-26,ST008,C00144,SKU009,2,168.36,0.0,61.0,Ecom,CMP008
T0001261,2025-06-26,ST010,C00020,SKU022,1,27.46,0.0,13.0,Ecom,CMP009
T0001262,2025-06-26,ST020,C00292,SKU001,1,28.98,0.0,10.5,Store,
T0001263,2025-06-27,ST001,,SKU029,1,81.98,0.0,30.5,Ecom,
T0001264,2025-06-27,ST007,,SKU027,3,168.91,0.0,76.5,Store,
T0001265,2025-06-27,ST003,C00142,SKU029,1,63.68,3.66,30.5,Store,CMP021
T0001266,2025-06-27,ST020,,SKU042,1,35.88,0.0,13.0,Ecom,CMP017
T0001267,2025-06-27,ST019,,SKU021,2,46.37,0.0,21.0,Ecom,
T0001268,2025-06-27,ST009,C00181,SKU002,1,34.94,0.0,13.0,Store,
T0001269,2025-06-28,ST003,C00262,SKU033,1,89.42,0.0,40.5,Store,
T0001270,2025-06-28,ST014,C00145,SKU005,1,43.3,0.0,20.5,Store,
T0001271,2025-06-28,ST014,C00151,SKU042,1,27.46,0.0,13.0,Store,
T0001272,2025-06-28,ST005,,SKU038,1,142.46,0.0,53.0,Ecom,
T0001273,2025-06-28,ST017,C00111,SKU038,1,129.74,12.72,53.0,Store,CMP024
T0001274,2025-06-28,ST003,C00115,SKU005,1,40.34,4.92,20.5,Ecom,
T0001275,2025-06-28,ST018,C00271,SKU047,2,95.47,12.24,51.0,Store,
T0001276,2025-06-28,ST015,C00295,SKU021,1,23.18,0.0,10.5,Ecom,
T0001277,2025-06-28,ST012,C00060,SKU015,1,120.12,5.46,45.5,Ecom,
T0001278,2025-06-28,ST012,C00259,SKU006,1,63.48,0.0,23.0,Store,
T0001279,2025-06-29,ST015,C00065,SKU027,3,168.91,0.0,76.5,Store,
T0001280,2025-06-29,ST019,C00134,SKU043,2,68.45,0.0,31.0,Store,
T0001281,2025-06-29,ST014,C00295,SKU033,1,85.54,0.0,40.5,Ecom,
T0001282,2025-06-29,ST001,C00135,SKU011,2,182.33,8.52,71.0,Store,
T0001283,2025-06-29,ST002,,SKU028,1,59.14,0.0,28.0,Ecom,CMP017
T0001284,2025-06-29,ST014,C00286,SKU023,1,32.74,0.0,15.5,Store,CMP011
T0001285,2025-06-29,ST020,C00024,SKU007,1,70.38,0.0,25.5,Ecom,
T0001286,2025-06-29,ST015,C00149,SKU048,2,123.65,0.0,56.0,Ecom,
T0001287,2025-06-29,ST019,,SKU033,2,159.41,19.44,81.0,Store,
T0001288,2025-06-29,ST015,C00091,SKU025,1,40.34,4.92,20.5,Store,CMP004
T0001289,2025-06-30,ST016,,SKU022,1,32.76,3.12,13.0,Ecom,
T0001290,2025-06-30,ST014,C00164,SKU019,2,234.43,0.0,111.0,Ecom,CMP024
T0001291,2025-06-30,ST007,C00295,SKU028,2,123.65,0.0,56.0,Store,CMP010
T0001292,2025-06-30,ST010,C00115,SKU018,2,223.87,0.0,106.0,Store,
T0001293,2025-06-30,ST020,,SKU049,1,84.18,0.0,30.5,Store,CMP007
T0001294,2025-06-30,ST017,C00021,SKU049,3,223.99,21.96,91.5,Store,
T0001295,2025-07-01,ST016,C00145,SKU002,3,98.28,9.36,39.0,Store,
T0001296,2025-07-01,ST005,C00057,SKU030,2,177.41,0.0,66.0,Store,
T0001297,2025-07-01,ST009,C00143,SKU006,2,123.65,0.0,46.0,Ecom,
T0001298,2025-07-01,ST008,,SKU047,1,70.38,0.0,25.5,Ecom,CMP021
T0001299,2025-07-01,ST003,C00020,SKU046,1,45.26,5.52,23.0,Ecom,
T0001300,2025-07-01,ST002,C00126,SKU041,1,20.92,1.26,10.5,Store,
T0001301,2025-07-02,ST007,C00249,SKU017,2,210.89,12.12,101.0,Store,
T0001302,2025-07-02,ST003,C00110,SKU034,1,94.94,0.0,43.0,Store,
T0001303,2025-07-02,ST006,C00135,SKU003,1,29.02,3.72,15.5,Store,CMP012
T0001304,2025-07-02,ST006,C00150,SKU020,1,15.94,0.96,8.0,Store,
T0001305,2025-07-02,ST012,C00050,SKU035,1,125.58,0.0,45.5,Store,
T0001306,2025-07-02,ST008,C00091,SKU043,1,42.78,0.0,15.5,Store,
T0001307,2025-07-03,ST013,C00248,SKU046,2,118.13,5.52,46.0,Store,
T0001308,2025-07-03,ST001,C00111,SKU019,2,285.05,13.32,111.0,Store,CMP011
T0001309,2025-07-03,ST011,C00227,SKU027,1,56.3,0.0,25.5,Store,
T0001310,2025-07-03,ST008,C00024,SKU022,1,34.32,1.56,13.0,Store,CMP006
T0001311,2025-07-03,ST004,C00067,SKU040,1,22.08,0.0,8.0,Store,
T0001312,2025-07-03,ST013,C00171,SKU006,2,112.61,11.04,46.0,Store,CMP002
T0001313,2025-07-04,ST012,C00081,SKU035,2,240.24,10.92,91.0,Store,
T0001314,2025-07-04,ST006,C00111,SKU024,1,38.02,0.0,18.0,Store,
T0001315,2025-07-04,ST001,C00053,SKU049,1,78.32,3.66,30.5,Store,CMP010
T0001316,2025-07-04,ST008,C00127,SKU041,1,28.98,0.0,10.5,Store,
T0001317,2025-07-04,ST013,C00139,SKU009,2,163.97,0.0,61.0,Store,CMP024
T0001318,2025-07-04,ST014,,SKU002,2,48.67,6.24,26.0,Store,
T0001319,2025-07-05,ST019,C00160,SKU026,2,96.05,5.52,46.0,Store,
T0001320,2025-07-05,ST009,C00136,SKU030,3,242.35,23.76,99.0,Store,
T0001321,2025-07-05,ST003,C00288,SKU015,1,100.46,0.0,45.5,Store,
T0001322,2025-07-05,ST008,,SKU025,1,54.12,2.46,20.5,Ecom,
T0001323,2025-07-05,ST004,C00013,SKU029,1,84.18,0.0,30.5,Store,
T0001324,2025-07-05,ST004,C00074,SKU042,2,71.76,0.0,26.0,Store,CMP006
T0001325,2025-07-05,ST016,C00073,SKU038,1,139.92,6.36,53.0,Ecom,
T0001326,2025-07-05,ST008,C00130,SKU004,1,49.68,0.0,18.0,Store,
T0001327,2025-07-05,ST019,C00003,SKU039,1,122.54,0.0,55.5,Ecom,
T0001328,2025-07-05,ST018,C00121,SKU032,1,75.7,4.56,38.0,Ecom,
T0001329,2025-07-06,ST003,C00040,SKU007,1,56.3,0.0,25.5,Store,CMP024
T0001330,2025-07-06,ST007,C00059,SKU029,1,63.68,3.66,30.5,Store,
T0001331,2025-07-06,ST017,C00281,SKU032,1,102.14,0.0,38.0,Store,
T0001332,2025-07-06,ST010,C00139,SKU047,1,47.74,6.12,25.5,Store,
T0001333,2025-07-06,ST006,C00105,SKU010,2,139.39,0.0,66.0,Store,
T0001334,2025-07-06,ST015,C00070,SKU014,1,89.78,5.16,43.0,Store,CMP014
T0001335,2025-07-06,ST016,C00003,SKU005,1,56.58,0.0,20.5,Store,CMP004
T0001336,2025-07-06,ST011,,SKU007,1,56.3,0.0,25.5,Store,CMP021
T0001337,2025-07-06,ST008,C00099,SKU023,1,40.92,1.86,15.5,Store,
T0001338,2025-07-06,ST020,C00131,SKU050,1,91.08,0.0,33.0,Store,CMP005
T0001339,2025-07-07,ST007,C00289,SKU018,1,104.3,12.72,53.0,Ecom,
T0001340,2025-07-07,ST011,C00142,SKU037,3,298.15,36.36,151.5,Store,
T0001341,2025-07-07,ST006,C00111,SKU001,1,19.66,2.52,10.5,Store,CMP006
T0001342,2025-07-07,ST001,,SKU021,3,84.67,0.0,31.5,Store,
T0001343,2025-07-07,ST016,C00061,SKU021,1,27.72,1.26,10.5,Store,
T0001344,2025-07-07,ST016,C00268,SKU023,1,42.78,0.0,15.5,Ecom,
T0001345,2025-07-08,ST006,C00074,SKU041,2,39.31,5.04,21.0,Store,
T0001346,2025-07-08,ST009,C00223,SKU044,1,48.38,0.0,18.0,Ecom,CMP012
T0001347,2025-07-08,ST012,C00287,SKU047,2,140.76,0.0,51.0,Store,
T0001348,2025-07-08,ST001,C00270,SKU013,1,99.14,9.72,40.5,Store,
T0001349,2025-07-08,ST012,C00007,SKU017,1,139.38,0.0,50.5,Store,
T0001350,2025-07-08,ST013,C00130,SKU003,1,41.66,0.0,15.5,Ecom,
T0001351,2025-07-09,ST016,C00252,SKU039,1,139.86,13.32,55.5,Store,
T0001352,2025-07-09,ST001,C00079,SKU040,2,43.01,0.0,16.0,Store,
T0001353,2025-07-09,ST014,,SKU008,1,59.14,0.0,28.0,Ecom,
T0001354,2025-07-09,ST009,C00009,SKU013,1,108.86,0.0,40.5,Store,
T0001355,2025-07-09,ST019,C00265,SKU047,1,53.24,3.06,25.5,Store,
T0001356,2025-07-09,ST002,C00257,SKU005,1,43.3,0.0,20.5,Store,CMP015
T0001357,2025-07-10,ST020,C00210,SKU013,1,111.78,0.0,40.5,Store,
T0001358,2025-07-10,ST004,C00045,SKU022,1,34.32,1.56,13.0,Store,CMP003
T0001359,2025-07-10,ST003,C00011,SKU012,2,167.81,0.0,76.0,Store,CMP012
T0001360,2025-07-10,ST008,C00098,SKU020,2,44.16,0.0,16.0,Store,
T0001361,2025-07-10,ST010,C00290,SKU012,1,80.26,0.0,38.0,Store,
T0001362,2025-07-10,ST007,C00133,SKU012,1,83.9,0.0,38.0,Store,CMP012
T0001363,2025-07-11,ST012,C00231,SKU050,2,182.16,0.0,66.0,Store,CMP019
T0001364,2025-07-11,ST018,C00223,SKU037,1,106.66,0.0,50.5,Ecom,CMP023
T0001365,2025-07-11,ST018,C00047,SKU048,1,59.14,0.0,28.0,Store,CMP015
T0001366,2025-07-11,ST004,C00096,SKU034,1,113.52,5.16,43.0,Store,
T0001367,2025-07-11,ST013,C00018,SKU043,1,41.66,0.0,15.5,Ecom,
T0001368,2025-07-11,ST001,C00172,SKU011,1,95.42,0.0,35.5,Store,CMP012
T0001369,2025-07-12,ST015,C00012,SKU035,1,89.54,10.92,45.5,Store,
T0001370,2025-07-12,ST014,C00125,SKU047,1,53.86,0.0,25.5,Store,
T0001371,2025-07-12,ST013,,SKU020,3,64.51,0.0,24.0,Ecom,
T0001372,2025-07-12,ST017,C00138,SKU007,3,196.45,9.18,76.5,Store,
T0001373,2025-07-12,ST006,C00269,SKU020,1,14.98,1.92,8.0,Store,
T0001374,2025-07-12,ST011,C00159,SKU004,2,79.49,0.0,36.0,Store,
T0001375,2025-07-12,ST006,,SKU030,1,69.7,0.0,33.0,Store,
T0001376,2025-07-12,ST008,C00126,SKU014,1,108.36,10.32,43.0,Store,
T0001377,2025-07-12,ST016,C00242,SKU011,1,93.72,4.26,35.5,Ecom,
T0001378,2025-07-12,ST013,C00050,SKU030,1,88.7,0.0,33.0,Store,
T0001379,2025-07-13,ST011,C00218,SKU019,1,109.22,13.32,55.5,Store,CMP016
T0001380,2025-07-13,ST019,C00092,SKU002,2,57.41,0.0,26.0,Store,
T0001381,2025-07-13,ST001,C00204,SKU040,2,43.01,0.0,16.0,Store,CMP007
T0001382,2025-07-13,ST010,,SKU028,1,59.14,0.0,28.0,Store,
T0001383,2025-07-13,ST013,C00018,SKU044,1,46.22,2.16,18.0,Store,CMP013
T0001384,2025-07-13,ST004,C00178,SKU030,1,91.08,0.0,33.0,Store,
T0001385,2025-07-13,ST001,C00295,SKU011,1,91.16,4.26,35.5,Ecom,CMP021
T0001386,2025-07-13,ST013,C00156,SKU028,1,75.26,0.0,28.0,Ecom,
T0001387,2025-07-13,ST015,C00243,SKU033,2,159.41,19.44,81.0,Store,
T0001388,2025-07-13,ST006,C00197,SKU028,2,118.27,0.0,56.0,Ecom,CMP011
T0001389,2025-07-14,ST019,C00233,SKU017,1,105.44,6.06,50.5,Store,
T0001390,2025-07-14,ST016,C00190,SKU030,1,91.08,0.0,33.0,Ecom,
T0001391,2025-07-14,ST001,C00151,SKU035,1,122.3,0.0,45.5,Store,
T0001392,2025-07-14,ST002,,SKU039,2,207.79,26.64,111.0,Store,
T0001393,2025-07-14,ST003,,SKU035,2,190.01,10.92,91.0,Store,
T0001394,2025-07-14,ST015,C00269,SKU045,1,45.26,0.0,20.5,Store,CMP012
T0001395,2025-07-15,ST020,C00052,SKU047,1,70.38,0.0,25.5,Store,
T0001396,2025-07-15,ST010,C00095,SKU028,3,177.41,0.0,84.0,Ecom,
T0001397,2025-07-15,ST003,C00099,SKU028,1,61.82,0.0,28.0,Store,
T0001398,2025-07-15,ST008,C00192,SKU045,1,56.58,0.0,20.5,Store,
T0001399,2025-07-15,ST006,C00024,SKU018,1,111.94,0.0,53.0,Store,
T0001400,2025-07-15,ST014,,SKU014,1,90.82,0.0,43.0,Store,CMP015
T0001401,2025-07-16,ST011,C00010,SKU007,2,112.61,0.0,51.0,Ecom,CMP010
T0001402,2025-07-16,ST020,C00169,SKU030,1,87.12,3.96,33.0,Store,
T0001403,2025-07-16,ST011,C00228,SKU021,1,21.92,1.26,10.5,Store,CMP023
T0001404,2025-07-16,ST013,C00293,SKU017,3,389.05,18.18,151.5,Store,
T0001405,2025-07-16,ST007,C00190,SKU048,1,61.82,0.0,28.0,Store,
T0001406,2025-07-16,ST005,C00181,SKU040,1,20.54,0.96,8.0,Store,
T0001407,2025-07-17,ST010,C00121,SKU036,1,89.86,11.52,48.0,Ecom,CMP020
T0001408,2025-07-17,ST004,C00109,SKU007,3,192.78,18.36,76.5,Ecom,
T0001409,2025-07-17,ST013,C00112,SKU036,1,117.5,11.52,48.0,Store,CMP012
T0001410,2025-07-17,ST011,C00201,SKU033,1,84.56,4.86,40.5,Store,
T0001411,2025-07-17,ST015,C00091,SKU011,1,78.38,0.0,35.5,Store,
T0001412,2025-07-17,ST015,C00051,SKU042,1,27.14,1.56,13.0,Store,
T0001413,2025-07-18,ST001,C00258,SKU040,3,58.75,5.76,24.0,Store,
T0001414,2025-07-18,ST001,C00086,SKU021,1,26.96,1.26,10.5,Ecom,
T0001415,2025-07-18,ST001,C00200,SKU048,1,75.26,0.0,28.0,Store,
T0001416,2025-07-18,ST012,C00090,SKU047,1,70.38,0.0,25.5,Store,
T0001417,2025-07-18,ST001,C00236,SKU014,1,105.26,10.32,43.0,Store,
T0001418,2025-07-18,ST006,C00057,SKU030,2,139.39,0.0,66.0,Ecom,
T0001419,2025-07-19,ST008,C00036,SKU030,1,91.08,0.0,33.0,Store,
T0001420,2025-07-19,ST017,C00037,SKU031,2,190.85,0.0,71.0,Store,
T0001421,2025-07-19,ST020,C00013,SKU042,1,35.88,0.0,13.0,Store,
T0001422,2025-07-19,ST002,C00262,SKU024,1,35.86,2.16,18.0,Store,
T0001423,2025-07-19,ST005,C00297,SKU017,2,271.49,0.0,101.0,Store,
T0001424,2025-07-19,ST011,C00248,SKU010,1,72.86,0.0,33.0,Store,
T0001425,2025-07-19,ST015,C00126,SKU046,2,101.57,0.0,46.0,Store,
T0001426,2025-07-19,ST015,C00141,SKU045,1,45.26,0.0,20.5,Store,CMP010
T0001427,2025-07-19,ST012,C00150,SKU037,1,139.38,0.0,50.5,Store,
T0001428,2025-07-19,ST015,C00066,SKU044,1,39.74,0.0,18.0,Store,
T0001429,2025-07-20,ST008,C00299,SKU002,1,32.76,3.12,13.0,Ecom,CMP012
T0001430,2025-07-20,ST017,C00088,SKU026,3,185.47,0.0,69.0,Store,
T0001431,2025-07-20,ST017,C00249,SKU024,1,44.06,4.32,18.0,Store,
T0001432,2025-07-20,ST013,C00034,SKU001,1,28.22,0.0,10.5,Store,CMP005
T0001433,2025-07-20,ST004,C00256,SKU042,1,35.88,0.0,13.0,Ecom,
T0001434,2025-07-20,ST017,C00187,SKU015,1,116.84,5.46,45.5,Ecom,
T0001435,2025-07-20,ST017,C00274,SKU005,2,100.37,9.84,41.0,Ecom,
T0001436,2025-07-20,ST002,C00127,SKU029,1,64.42,0.0,30.5,Store,
T0001437,2025-07-20,ST008,C00234,SKU015,1,114.66,10.92,45.5,Store,CMP009
T0001438,2025-07-20,ST007,C00033,SKU047,2,112.61,0.0,51.0,Store,
T0001439,2025-07-21,ST008,C00298,SKU016,1,132.48,0.0,48.0,Ecom,
T0001440,2025-07-21,ST011,,SKU041,1,21.92,1.26,10.5,Store,CMP007
T0001441,2025-07-21,ST019,C00154,SKU014,1,84.62,10.32,43.0,Ecom,
T0001442,2025-07-21,ST015,C00234,SKU050,3,218.59,0.0,99.0,Store,
T0001443,2025-07-21,ST016,C00260,SKU041,1,28.98,0.0,10.5,Store,
T0001444,2025-07-21,ST018,C00288,SKU016,1,95.62,5.76,48.0,Store,CMP006
T0001445,2025-07-22,ST011,C00084,SKU033,1,84.56,4.86,40.5,Store,
T0001446,2025-07-22,ST015,C00276,SKU022,2,57.41,0.0,26.0,Ecom,
T0001447,2025-07-22,ST007,C00164,SKU020,2,33.41,1.92,16.0,Ecom,CMP010
T0001448,2025-07-22,ST007,C00166,SKU037,1,105.44,6.06,50.5,Ecom,
T0001449,2025-07-22,ST020,C00265,SKU043,3,117.18,11.16,46.5,Ecom,
T0001450,2025-07-22,ST009,C00242,SKU015,3,366.91,0.0,136.5,Store,
T0001451,2025-07-23,ST012,C00158,SKU048,1,73.92,3.36,28.0,Store,
T0001452,2025-07-23,ST013,C00182,SKU004,1,48.38,0.0,18.0,Ecom,
T0001453,2025-07-23,ST001,C00132,SKU046,1,61.82,0.0,23.0,Ecom,CMP014
T0001454,2025-07-23,ST011,C00103,SKU036,2,188.93,23.04,96.0,Ecom,
T0001455,2025-07-23,ST004,C00167,SKU005,2,103.32,9.84,41.0,Ecom,
T0001456,2025-07-23,ST002,C00250,SKU050,1,61.78,7.92,33.0,Store,
T0001457,2025-07-24,ST002,C00276,SKU041,1,22.18,0.0,10.5,Ecom,CMP005
T0001458,2025-07-24,ST003,C00212,SKU021,2,46.37,0.0,21.0,Store,
T0001459,2025-07-24,ST018,C00168,SKU006,1,48.58,0.0,23.0,Ecom,
T0001460,2025-07-24,ST001,C00035,SKU009,2,163.97,0.0,61.0,Store,
T0001461,2025-07-24,ST015,C00095,SKU048,1,61.82,0.0,28.0,Store,
T0001462,2025-07-24,ST009,C00012,SKU017,1,129.68,6.06,50.5,Ecom,
T0001463,2025-07-25,ST002,,SKU034,3,272.45,0.0,129.0,Ecom,CMP014
T0001464,2025-07-25,ST017,C00252,SKU021,1,28.22,0.0,10.5,Ecom,
T0001465,2025-07-25,ST019,C00058,SKU006,1,45.26,5.52,23.0,Store,
T0001466,2025-07-25,ST015,C00098,SKU040,2,33.41,1.92,16.0,Store,
T0001467,2025-07-25,ST005,C00094,SKU042,1,34.94,0.0,13.0,Ecom,
T0001468,2025-07-25,ST014,C00151,SKU002,1,25.9,1.56,13.0,Store,CMP008
T0001469,2025-07-26,ST005,C00300,SKU017,1,135.74,0.0,50.5,Store,
T0001470,2025-07-26,ST007,C00182,SKU050,2,129.89,15.84,66.0,Store,CMP005
T0001471,2025-07-26,ST006,,SKU007,1,53.86,0.0,25.5,Store,
T0001472,2025-07-26,ST003,C00118,SKU021,1,23.18,0.0,10.5,Store,
T0001473,2025-07-26,ST009,C00112,SKU015,2,244.61,0.0,91.0,Store,CMP015
T0001474,2025-07-26,ST013,C00107,SKU002,1,33.38,1.56,13.0,Store,
T0001475,2025-07-26,ST013,C00048,SKU038,3,389.23,38.16,159.0,Ecom,
T0001476,2025-07-26,ST004,C00062,SKU011,3,268.38,25.56,106.5,Ecom,
T0001477,2025-07-26,ST014,C00047,SKU013,2,171.07,0.0,81.0,Store,
T0001478,2025-07-26,ST015,,SKU002,2,54.29,3.12,26.0,Store,
T0001479,2025-07-27,ST012,C00223,SKU020,3,66.24,0.0,24.0,Store,CMP023
T0001480,2025-07-27,ST013,,SKU031,3,286.27,0.0,106.5,Store,CMP008
T0001481,2025-07-27,ST001,C00072,SKU009,1,81.98,0.0,30.5,Ecom,CMP007
T0001482,2025-07-27,ST010,C00081,SKU024,1,38.02,0.0,18.0,Ecom,
T0001483,2025-07-27,ST006,C00057,SKU024,2,76.03,0.0,36.0,Store,
T0001484,2025-07-27,ST012,C00015,SKU017,2,278.76,0.0,101.0,Store,CMP016
T0001485,2025-07-27,ST005,,SKU027,1,62.42,6.12,25.5,Store,
T0001486,2025-07-27,ST004,C00115,SKU001,1,28.98,0.0,10.5,Store,CMP016
T0001487,2025-07-27,ST014,C00001,SKU035,1,90.64,5.46,45.5,Store,
T0001488,2025-07-27,ST011,C00050,SKU043,1,30.5,3.72,15.5,Store,CMP008
T0001489,2025-07-28,ST005,C00049,SKU015,2,244.61,0.0,91.0,Store,
T0001490,2025-07-28,ST008,C00155,SKU017,1,133.32,6.06,50.5,Store,
T0001491,2025-07-28,ST019,C00068,SKU018,1,117.02,0.0,53.0,Store,
T0001492,2025-07-28,ST002,C00198,SKU048,1,59.14,0.0,28.0,Store,
T0001493,2025-07-28,ST002,C00166,SKU016,1,95.62,5.76,48.0,Store,
T0001494,2025-07-28,ST019,C00110,SKU026,1,50.78,0.0,23.0,Store,
T0001495,2025-07-29,ST009,C00173,SKU042,1,34.94,0.0,13.0,Ecom,CMP016
T0001496,2025-07-29,ST015,,SKU043,2,61.01,7.44,31.0,Store,CMP012
T0001497,2025-07-29,ST001,C00117,SKU035,3,366.91,0.0,136.5,Store,CMP023
T0001498,2025-07-29,ST012,C00284,SKU020,3,66.24,0.0,24.0,Ecom,
T0001499,2025-07-29,ST006,C00262,SKU026,1,48.58,0.0,23.0,Store,
T0001500,2025-07-29,ST012,C00078,SKU034,1,108.36,10.32,43.0,Ecom,
T0001501,2025-07-30,ST012,C00272,SKU035,1,125.58,0.0,45.5,Store,CMP006
T0001502,2025-07-30,ST020,C00078,SKU015,1,114.66,10.92,45.5,Store,
T0001503,2025-07-30,ST002,C00268,SKU026,3,137.45,8.28,69.0,Store,
T0001504,2025-07-30,ST010,,SKU001,2,44.35,0.0,21.0,Store,CMP024
T0001505,2025-07-30,ST003,C00072,SKU004,1,39.74,0.0,18.0,Ecom,
T0001506,2025-07-30,ST008,C00215,SKU026,1,63.48,0.0,23.0,Store,CMP012
T0001507,2025-07-31,ST009,C00064,SKU009,2,149.33,14.64,61.0,Store,
T0001508,2025-07-31,ST015,C00168,SKU010,1,72.86,0.0,33.0,Store,
T0001509,2025-07-31,ST020,C00225,SKU031,1,97.98,0.0,35.5,Store,
T0001510,2025-07-31,ST005,C00175,SKU005,2,110.21,0.0,41.0,Ecom,
T0001511,2025-07-31,ST004,C00300,SKU041,1,27.72,1.26,10.5,Store,
T0001512,2025-07-31,ST004,C00186,SKU006,1,60.72,2.76,23.0,Ecom,
T0001513,2025-08-01,ST014,C00144,SKU004,2,76.03,0.0,36.0,Store,
T0001514,2025-08-01,ST011,C00129,SKU027,3,168.91,0.0,76.5,Ecom,CMP023
T0001515,2025-08-01,ST008,C00223,SKU038,1,146.28,0.0,53.0,Ecom,
T0001516,2025-08-01,ST016,C00290,SKU036,1,120.96,11.52,48.0,Store,
T0001517,2025-08-01,ST002,,SKU039,2,234.43,0.0,111.0,Store,
T0001518,2025-08-01,ST008,C00216,SKU024,2,99.36,0.0,36.0,Ecom,
T0001519,2025-08-02,ST015,C00020,SKU037,3,316.33,18.18,151.5,Store,
T0001520,2025-08-02,ST019,,SKU012,3,251.71,0.0,114.0,Store,
T0001521,2025-08-02,ST001,C00130,SKU047,1,68.54,0.0,25.5,Ecom,
T0001522,2025-08-02,ST009,C00167,SKU029,1,81.98,0.0,30.5,Store,
T0001523,2025-08-02,ST018,C00165,SKU050,2,139.39,0.0,66.0,Store,
T0001524,2025-08-02,ST016,C00276,SKU006,2,126.96,0.0,46.0,Store,
T0001525,2025-08-02,ST003,C00255,SKU041,1,21.92,1.26,10.5,Store,CMP023
T0001526,2025-08-02,ST011,C00082,SKU029,3,202.03,0.0,91.5,Store,CMP007
T0001527,2025-08-02,ST017,C00152,SKU045,2,100.37,9.84,41.0,Store,CMP020
T0001528,2025-08-02,ST007,,SKU006,1,48.02,2.76,23.0,Store,
T0001529,2025-08-03,ST011,C00069,SKU035,3,301.39,0.0,136.5,Ecom,
T0001530,2025-08-03,ST010,C00043,SKU040,1,16.9,0.0,8.0,Store,
T0001531,2025-08-03,ST018,C00141,SKU010,1,69.7,0.0,33.0,Ecom,
T0001532,2025-08-03,ST008,C00111,SKU015,1,125.58,0.0,45.5,Ecom,CMP001
T0001533,2025-08-03,ST016,C00283,SKU029,3,252.54,0.0,91.5,Ecom,
T0001534,2025-08-03,ST019,C00199,SKU026,2,101.57,0.0,46.0,Store,
T0001535,2025-08-03,ST012,C00121,SKU024,1,49.68,0.0,18.0,Store,CMP023
T0001536,2025-08-03,ST008,C00050,SKU035,3,343.98,32.76,136.5,Store,
T0001537,2025-08-03,ST004,C00179,SKU039,2,279.72,26.64,111.0,Store,
T0001538,2025-08-03,ST009,C00236,SKU037,1,129.68,6.06,50.5,Store,
T0001539,2025-08-04,ST006,C00287,SKU002,1,27.46,0.0,13.0,Store,
T0001540,2025-08-04,ST003,C00142,SKU044,1,39.74,0.0,18.0,Store,
T0001541,2025-08-04,ST005,C00232,SKU026,1,61.82,0.0,23.0,Store,
T0001542,2025-08-04,ST017,C00277,SKU027,3,187.27,18.36,76.5,Store,
T0001543,2025-08-04,ST020,C00184,SKU004,1,49.68,0.0,18.0,Store,
T0001544,2025-08-04,ST006,C00092,SKU047,2,107.71,0.0,51.0,Store,
T0001545,2025-08-05,ST004,,SKU022,3,98.28,9.36,39.0,Store,
T0001546,2025-08-05,ST014,C00071,SKU025,2,86.59,0.0,41.0,Store,CMP012
T0001547,2025-08-05,ST014,C00095,SKU017,1,106.66,0.0,50.5,Store,CMP021
T0001548,2025-08-05,ST011,C00269,SKU029,1,60.02,7.32,30.5,Store,CMP018
T0001549,2025-08-05,ST012,C00271,SKU007,1,70.38,0.0,25.5,Store,
T0001550,2025-08-05,ST019,C00036,SKU037,3,334.51,0.0,151.5,Store,
T0001551,2025-08-06,ST018,C00050,SKU014,2,181.63,0.0,86.0,Store,
T0001552,2025-08-06,ST015,C00091,SKU046,1,48.02,2.76,23.0,Ecom,CMP002
T0001553,2025-08-06,ST004,C00056,SKU020,1,22.08,0.0,8.0,Store,
T0001554,2025-08-06,ST004,C00080,SKU032,3,314.64,0.0,114.0,Ecom,
T0001555,2025-08-06,ST018,C00060,SKU025,1,43.3,0.0,20.5,Store,
T0001556,2025-08-06,ST008,C00207,SKU032,1,104.88,0.0,38.0,Ecom,
T0001557,2025-08-07,ST019,C00047,SKU007,1,56.3,0.0,25.5,Store,
T0001558,2025-08-07,ST018,C00280,SKU034,1,90.82,0.0,43.0,Store,
T0001559,2025-08-07,ST007,C00219,SKU019,1,115.88,6.66,55.5,Store,CMP001
T0001560,2025-08-07,ST011,C00200,SKU036,1,105.98,0.0,48.0,Store,
T0001561,2025-08-07,ST017,C00046,SKU003,1,37.94,3.72,15.5,Store,
T0001562,2025-08-07,ST006,C00025,SKU042,1,27.46,0.0,13.0,Store,
T0001563,2025-08-08,ST012,,SKU035,2,240.24,10.92,91.0,Store,
T0001564,2025-08-08,ST006,C00023,SKU033,2,171.07,0.0,81.0,Store,
T0001565,2025-08-08,ST008,C00105,SKU046,1,57.96,5.52,23.0,Store,
T0001566,2025-08-08,ST013,C00060,SKU014,3,346.75,0.0,129.0,Store,
T0001567,2025-08-08,ST011,C00117,SKU012,1,79.34,4.56,38.0,Store,CMP005
T0001568,2025-08-08,ST020,C00217,SKU043,1,42.78,0.0,15.5,Ecom,CMP021
T0001569,2025-08-09,ST009,C00213,SKU027,2,130.97,6.12,51.0,Ecom,CMP007
T0001570,2025-08-09,ST016,C00203,SKU017,1,133.32,6.06,50.5,Store,CMP023
T0001571,2025-08-09,ST004,C00251,SKU008,1,70.56,6.72,28.0,Ecom,
T0001572,2025-08-09,ST009,C00204,SKU044,1,48.38,0.0,18.0,Store,
T0001573,2025-08-09,ST004,,SKU049,2,168.36,0.0,61.0,Store,
T0001574,2025-08-09,ST016,C00019,SKU013,1,111.78,0.0,40.5,Ecom,CMP002
T0001575,2025-08-09,ST006,C00035,SKU006,1,43.06,5.52,23.0,Ecom,
T0001576,2025-08-09,ST015,C00258,SKU039,2,245.09,0.0,111.0,Ecom,
T0001577,2025-08-09,ST002,,SKU037,1,106.66,0.0,50.5,Store,
T0001578,2025-08-09,ST007,,SKU042,1,28.7,0.0,13.0,Store,
T0001579,2025-08-10,ST007,C00225,SKU022,1,27.14,1.56,13.0,Store,CMP008
T0001580,2025-08-10,ST010,C00281,SKU036,3,304.13,0.0,144.0,Store,CMP003
T0001581,2025-08-10,ST018,C00087,SKU002,2,54.91,0.0,26.0,Store,
T0001582,2025-08-10,ST004,C00196,SKU044,1,49.68,0.0,18.0,Ecom,
T0001583,2025-08-10,ST004,C00019,SKU015,1,125.58,0.0,45.5,Ecom,CMP016
T0001584,2025-08-10,ST013,C00199,SKU019,1,149.18,0.0,55.5,Store,
T0001585,2025-08-10,ST012,C00079,SKU041,1,28.98,0.0,10.5,Store,CMP010
T0001586,2025-08-10,ST006,C00083,SKU025,1,43.3,0.0,20.5,Store,
T0001587,2025-08-10,ST002,C00278,SKU030,2,131.47,7.92,66.0,Store,CMP021
T0001588,2025-08-10,ST013,C00236,SKU027,2,130.97,6.12,51.0,Store,
T0001589,2025-08-11,ST011,C00069,SKU021,2,46.37,0.0,21.0,Store,CMP023
T0001590,2025-08-11,ST007,C00187,SKU047,2,100.37,12.24,51.0,Ecom,
T0001591,2025-08-11,ST012,C00202,SKU042,1,35.88,0.0,13.0,Store,
T0001592,2025-08-11,ST020,,SKU027,1,64.26,6.12,25.5,Store,
T0001593,2025-08-11,ST017,C00227,SKU028,1,75.26,0.0,28.0,Store,
T0001594,2025-08-11,ST009,C00080,SKU048,1,68.54,6.72,28.0,Store,
T0001595,2025-08-12,ST014,C00067,SKU021,2,41.83,2.52,21.0,Ecom,
T0001596,2025-08-12,ST020,C00019,SKU034,1,118.68,0.0,43.0,Ecom,CMP001
T0001597,2025-08-12,ST002,C00161,SKU022,3,82.37,0.0,39.0,Ecom,CMP005
T0001598,2025-08-12,ST010,C00162,SKU005,1,40.84,2.46,20.5,Store,
T0001599,2025-08-12,ST010,,SKU020,1,16.9,0.0,8.0,Store,CMP004
T0001600,2025-08-12,ST020,C00283,SKU027,1,70.38,0.0,25.5,Ecom,
T0001601,2025-08-13,ST004,C00228,SKU043,1,42.78,0.0,15.5,Store,CMP013
T0001602,2025-08-13,ST016,C00186,SKU011,3,268.38,25.56,106.5,Store,
T0001603,2025-08-13,ST001,C00291,SKU032,1,102.14,0.0,38.0,Ecom,
T0001604,2025-08-13,ST003,C00154,SKU012,1,83.9,0.0,38.0,Store,CMP022
T0001605,2025-08-13,ST011,C00043,SKU019,1,115.88,6.66,55.5,Store,CMP019
T0001606,2025-08-13,ST006,C00099,SKU024,1,33.7,4.32,18.0,Store,
T0001607,2025-08-14,ST011,,SKU011,1,78.38,0.0,35.5,Store,CMP014
T0001608,2025-08-14,ST009,C00235,SKU048,1,75.26,0.0,28.0,Store,
T0001609,2025-08-14,ST020,C00010,SKU001,1,28.98,0.0,10.5,Store,
T0001610,2025-08-14,ST002,C00193,SKU045,1,38.38,4.92,20.5,Ecom,
T0001611,2025-08-14,ST014,C00178,SKU046,2,86.11,11.04,46.0,Store,CMP010
T0001612,2025-08-14,ST015,,SKU043,1,34.22,0.0,15.5,Ecom,
T0001613,2025-08-15,ST001,C00055,SKU009,1,81.98,0.0,30.5,Store,
T0001614,2025-08-15,ST008,,SKU050,1,91.08,0.0,33.0,Store,
T0001615,2025-08-15,ST020,C00236,SKU005,1,56.58,0.0,20.5,Store,
T0001616,2025-08-15,ST004,C00103,SKU004,2,99.36,0.0,36.0,Ecom,CMP023
T0001617,2025-08-15,ST001,C00120,SKU028,1,75.26,0.0,28.0,Store,
T0001618,2025-08-15,ST007,C00254,SKU031,1,78.38,0.0,35.5,Ecom,
T0001619,2025-08-16,ST019,C00260,SKU004,1,39.74,0.0,18.0,Store,
T0001620,2025-08-16,ST018,C00064,SKU037,2,213.31,0.0,101.0,Ecom,CMP011
T0001621,2025-08-16,ST008,C00152,SKU011,1,89.46,8.52,35.5,Store,
T0001622,2025-08-16,ST009,C00272,SKU023,1,41.66,0.0,15.5,Store,
T0001623,2025-08-16,ST002,C00031,SKU005,1,40.84,2.46,20.5,Store,CMP023
T0001624,2025-08-16,ST003,C00186,SKU021,1,20.66,2.52,10.5,Store,
T0001625,2025-08-16,ST009,C00231,SKU047,1,65.48,3.06,25.5,Store,
T0001626,2025-08-16,ST016,C00098,SKU021,1,28.98,0.0,10.5,Store,CMP012
T0001627,2025-08-16,ST015,C00207,SKU021,1,21.92,1.26,10.5,Store,
T0001628,2025-08-16,ST013,C00072,SKU027,2,130.97,6.12,51.0,Store,
T0001629,2025-08-17,ST013,,SKU024,2,96.77,0.0,36.0,Store,CMP006
T0001630,2025-08-17,ST001,C00139,SKU026,1,61.82,0.0,23.0,Store,
T0001631,2025-08-17,ST018,C00250,SKU018,1,105.58,6.36,53.0,Ecom,
T0001632,2025-08-17,ST006,C00031,SKU032,1,80.26,0.0,38.0,Store,CMP011
T0001633,2025-08-17,ST020,C00266,SKU019,3,459.54,0.0,166.5,Store,
T0001634,2025-08-17,ST010,C00160,SKU041,1,20.92,1.26,10.5,Store,
T0001635,2025-08-17,ST017,C00192,SKU019,2,298.37,0.0,111.0,Ecom,
T0001636,2025-08-17,ST003,C00214,SKU002,1,28.7,0.0,13.0,Ecom,
T0001637,2025-08-17,ST011,C00244,SKU041,2,41.33,5.04,21.0,Ecom,
T0001638,2025-08-17,ST007,C00294,SKU009,3,202.03,0.0,91.5,Store,
T0001639,2025-08-18,ST008,C00010,SKU032,1,104.88,0.0,38.0,Store,
T0001640,2025-08-18,ST011,C00237,SKU006,1,50.78,0.0,23.0,Ecom,CMP013
T0001641,2025-08-18,ST009,C00031,SKU046,1,61.82,0.0,23.0,Store,
T0001642,2025-08-18,ST020,C00140,SKU031,3,281.16,12.78,106.5,Store,
T0001643,2025-08-18,ST018,C00097,SKU013,3,227.45,29.16,121.5,Store,
T0001644,2025-08-18,ST002,C00269,SKU048,2,118.27,0.0,56.0,Store,CMP013
T0001645,2025-08-19,ST001,C00074,SKU020,1,21.5,0.0,8.0,Ecom,
T0001646,2025-08-19,ST003,C00076,SKU024,1,37.58,2.16,18.0,Store,
T0001647,2025-08-19,ST011,C00234,SKU007,1,50.18,6.12,25.5,Store,
T0001648,2025-08-19,ST005,C00064,SKU021,1,28.22,0.0,10.5,Store,
T0001649,2025-08-19,ST011,C00014,SKU047,1,56.3,0.0,25.5,Store,
T0001650,2025-08-19,ST002,C00290,SKU042,2,54.91,0.0,26.0,Store,
T0001651,2025-08-20,ST005,,SKU032,1,102.14,0.0,38.0,Ecom,CMP006
T0001652,2025-08-20,ST008,C00183,SKU006,1,60.72,2.76,23.0,Store,
T0001653,2025-08-20,ST013,,SKU035,1,116.84,5.46,45.5,Store,
T0001654,2025-08-20,ST003,C00060,SKU014,2,189.89,0.0,86.0,Store,CMP002
T0001655,2025-08-20,ST018,,SKU002,2,54.91,0.0,26.0,Store,
T0001656,2025-08-20,ST008,C00071,SKU010,1,91.08,0.0,33.0,Store,
T0001657,2025-08-21,ST013,C00149,SKU002,1,33.38,1.56,13.0,Store,
T0001658,2025-08-21,ST019,C00299,SKU003,1,34.22,0.0,15.5,Store,
T0001659,2025-08-21,ST012,C00085,SKU033,1,111.78,0.0,40.5,Ecom,
T0001660,2025-08-21,ST020,C00192,SKU019,1,153.18,0.0,55.5,Ecom,
T0001661,2025-08-21,ST009,C00134,SKU022,1,34.94,0.0,13.0,Store,
T0001662,2025-08-21,ST017,C00095,SKU050,1,84.74,3.96,33.0,Ecom,
T0001663,2025-08-22,ST007,C00153,SKU013,2,178.85,0.0,81.0,Ecom,
T0001664,2025-08-22,ST012,,SKU030,1,83.16,7.92,33.0,Ecom,
T0001665,2025-08-22,ST007,,SKU033,1,89.42,0.0,40.5,Store,
T0001666,2025-08-22,ST013,C00201,SKU047,1,68.54,0.0,25.5,Store,
T0001667,2025-08-22,ST020,C00128,SKU019,1,153.18,0.0,55.5,Ecom,
T0001668,2025-08-22,ST020,C00141,SKU004,3,149.04,0.0,54.0,Ecom,
T0001669,2025-08-23,ST006,,SKU007,1,53.86,0.0,25.5,Ecom,
T0001670,2025-08-23,ST012,C00012,SKU005,1,56.58,0.0,20.5,Store,
T0001671,2025-08-23,ST009,C00105,SKU030,1,88.7,0.0,33.0,Ecom,
T0001672,2025-08-23,ST006,,SKU001,2,41.83,2.52,21.0,Store,
T0001673,2025-08-23,ST018,C00289,SKU018,1,111.94,0.0,53.0,Store,CMP013
T0001674,2025-08-23,ST001,C00239,SKU003,1,41.66,0.0,15.5,Store,
T0001675,2025-08-23,ST003,C00145,SKU050,2,145.73,0.0,66.0,Store,
T0001676,2025-08-23,ST009,C00230,SKU013,2,217.73,0.0,81.0,Ecom,
T0001677,2025-08-23,ST014,C00251,SKU036,2,202.75,0.0,96.0,Store,
T0001678,2025-08-23,ST012,C00279,SKU030,1,91.08,0.0,33.0,Store,
T0001679,2025-08-24,ST011,C00209,SKU048,1,58.46,3.36,28.0,Ecom,
T0001680,2025-08-24,ST010,C00254,SKU010,1,65.74,3.96,33.0,Store,
T0001681,2025-08-24,ST020,C00171,SKU017,3,399.96,18.18,151.5,Store,
T0001682,2025-08-24,ST006,C00075,SKU003,1,29.02,3.72,15.5,Ecom,
T0001683,2025-08-24,ST019,C00106,SKU009,2,127.37,7.32,61.0,Ecom,CMP014
T0001684,2025-08-24,ST017,,SKU035,1,122.3,0.0,45.5,Store,CMP018
T0001685,2025-08-24,ST006,C00172,SKU048,1,59.14,0.0,28.0,Ecom,
T0001686,2025-08-24,ST018,C00202,SKU026,1,48.58,0.0,23.0,Store,
T0001687,2025-08-24,ST004,C00233,SKU015,1,125.58,0.0,45.5,Ecom,
T0001688,2025-08-24,ST017,C00037,SKU007,1,68.54,0.0,25.5,Store,CMP013
T0001689,2025-08-25,ST007,C00098,SKU035,1,100.46,0.0,45.5,Store,
T0001690,2025-08-25,ST003,C00061,SKU005,1,45.26,0.0,20.5,Store,
T0001691,2025-08-25,ST020,C00192,SKU020,1,21.12,0.96,8.0,Ecom,
T0001692,2025-08-25,ST020,,SKU038,1,146.28,0.0,53.0,Store,
T0001693,2025-08-25,ST009,C00197,SKU045,2,110.21,0.0,41.0,Store,
T0001694,2025-08-25,ST012,C00014,SKU044,1,47.52,2.16,18.0,Store,
T0001695,2025-08-26,ST009,,SKU035,1,122.3,0.0,45.5,Ecom,
T0001696,2025-08-26,ST008,C00018,SKU039,1,139.86,13.32,55.5,Ecom,
T0001697,2025-08-26,ST007,C00006,SKU040,1,15.74,1.92,8.0,Ecom,
T0001698,2025-08-26,ST017,,SKU029,1,81.98,0.0,30.5,Store,
T0001699,2025-08-26,ST018,C00130,SKU042,1,24.34,3.12,13.0,Ecom,
T0001700,2025-08-26,ST010,,SKU011,1,70.72,4.26,35.5,Ecom,CMP005
T0001701,2025-08-27,ST003,C00128,SKU013,1,89.42,0.0,40.5,Store,
T0001702,2025-08-27,ST006,C00299,SKU015,2,192.19,0.0,91.0,Ecom,
T0001703,2025-08-27,ST004,C00068,SKU007,2,128.52,12.24,51.0,Store,
T0001704,2025-08-27,ST012,C00269,SKU045,2,113.16,0.0,41.0,Store,
T0001705,2025-08-27,ST016,C00286,SKU003,2,85.56,0.0,31.0,Ecom,CMP009
T0001706,2025-08-27,ST012,C00125,SKU031,2,195.96,0.0,71.0,Store,CMP006
T0001707,2025-08-28,ST006,C00280,SKU043,1,32.74,0.0,15.5,Ecom,
T0001708,2025-08-28,ST006,C00287,SKU038,1,111.94,0.0,53.0,Ecom,CMP005
T0001709,2025-08-28,ST013,C00262,SKU001,2,56.45,0.0,21.0,Store,
T0001710,2025-08-28,ST017,C00071,SKU001,1,28.22,0.0,10.5,Ecom,
T0001711,2025-08-28,ST007,C00246,SKU043,1,34.22,0.0,15.5,Store,
T0001712,2025-08-28,ST018,C00066,SKU005,2,86.59,0.0,41.0,Store,
T0001713,2025-08-29,ST017,C00127,SKU005,1,52.64,2.46,20.5,Store,
T0001714,2025-08-29,ST008,C00222,SKU017,1,139.38,0.0,50.5,Store,
T0001715,2025-08-29,ST012,C00116,SKU026,2,126.96,0.0,46.0,Ecom,
T0001716,2025-08-29,ST017,C00081,SKU027,1,62.42,6.12,25.5,Ecom,
T0001717,2025-08-29,ST014,,SKU039,1,117.22,0.0,55.5,Ecom,
T0001718,2025-08-29,ST002,C00144,SKU024,1,38.02,0.0,18.0,Store,
T0001719,2025-08-30,ST011,C00241,SKU020,1,16.7,0.96,8.0,Ecom,
T0001720,2025-08-30,ST019,C00294,SKU045,1,45.26,0.0,20.5,Ecom,CMP016
T0001721,2025-08-30,ST018,C00033,SKU034,1,90.82,0.0,43.0,Ecom,
T0001722,2025-08-30,ST020,C00166,SKU033,2,204.12,19.44,81.0,Store,CMP010
T0001723,2025-08-30,ST011,C00143,SKU034,1,89.78,5.16,43.0,Store,
T0001724,2025-08-30,ST020,C00152,SKU009,1,84.18,0.0,30.5,Store,
T0001725,2025-08-30,ST007,C00089,SKU030,1,72.86,0.0,33.0,Store,
T0001726,2025-08-30,ST011,C00255,SKU012,1,79.34,4.56,38.0,Store,
T0001727,2025-08-30,ST019,C00075,SKU030,1,72.86,0.0,33.0,Ecom,CMP013
T0001728,2025-08-30,ST013,,SKU001,2,56.45,0.0,21.0,Store,
T0001729,2025-08-31,ST018,C00262,SKU038,1,111.94,0.0,53.0,Store,CMP014
T0001730,2025-08-31,ST016,,SKU039,1,153.18,0.0,55.5,Store,CMP006
T0001731,2025-08-31,ST002,C00143,SKU003,1,29.02,3.72,15.5,Ecom,CMP004
T0001732,2025-08-31,ST014,,SKU014,1,90.82,0.0,43.0,Ecom,CMP011
T0001733,2025-08-31,ST009,C00119,SKU019,1,135.86,13.32,55.5,Store,
T0001734,2025-08-31,ST018,C00078,SKU023,1,29.02,3.72,15.5,Store,
T0001735,2025-08-31,ST013,C00009,SKU014,3,346.75,0.0,129.0,Store,
T0001736,2025-08-31,ST009,C00127,SKU032,2,204.29,0.0,76.0,Store,CMP020
T0001737,2025-08-31,ST006,C00002,SKU015,1,96.1,0.0,45.5,Ecom,
T0001738,2025-08-31,ST013,C00052,SKU029,2,156.65,7.32,61.0,Store,
T0001739,2025-09-01,ST013,C00012,SKU040,1,21.5,0.0,8.0,Store,CMP022
T0001740,2025-09-01,ST017,C00256,SKU022,1,33.38,1.56,13.0,Store,
T0001741,2025-09-01,ST012,C00194,SKU010,1,87.12,3.96,33.0,Store,CMP011
T0001742,2025-09-01,ST009,C00119,SKU016,1,123.26,5.76,48.0,Store,
T0001743,2025-09-01,ST019,C00034,SKU016,1,105.98,0.0,48.0,Store,
T0001744,2025-09-01,ST013,C00229,SKU002,2,69.89,0.0,26.0,Store,
T0001745,2025-09-02,ST009,C00134,SKU024,1,48.38,0.0,18.0,Store,CMP019
T0001746,2025-09-02,ST020,C00019,SKU034,3,356.04,0.0,129.0,Store,CMP008
T0001747,2025-09-02,ST006,C00284,SKU006,1,48.58,0.0,23.0,Store,
T0001748,2025-09-02,ST005,C00224,SKU019,1,149.18,0.0,55.5,Store,CMP010
T0001749,2025-09-02,ST003,C00027,SKU015,1,100.46,0.0,45.5,Store,
T0001750,2025-09-02,ST014,C00101,SKU011,1,74.98,0.0,35.5,Store,CMP004
T0001751,2025-09-03,ST006,C00237,SKU035,1,96.1,0.0,45.5,Store,
T0001752,2025-09-03,ST006,C00167,SKU016,2,202.75,0.0,96.0,Store,
T0001753,2025-09-03,ST017,C00086,SKU004,1,48.38,0.0,18.0,Store,
T0001754,2025-09-03,ST020,C00143,SKU024,1,47.52,2.16,18.0,Store,CMP004
T0001755,2025-09-03,ST006,C00022,SKU041,1,20.92,1.26,10.5,Store,CMP010
T0001756,2025-09-03,ST016,C00282,SKU044,1,47.52,2.16,18.0,Store,
T0001757,2025-09-04,ST017,C00296,SKU023,2,79.61,3.72,31.0,Store,
T0001758,2025-09-04,ST014,C00256,SKU011,1,74.98,0.0,35.5,Ecom,CMP020
T0001759,2025-09-04,ST010,C00212,SKU008,1,59.14,0.0,28.0,Store,
T0001760,2025-09-04,ST007,,SKU049,1,67.34,0.0,30.5,Store,
T0001761,2025-09-04,ST005,C00203,SKU042,1,34.94,0.0,13.0,Ecom,
T0001762,2025-09-04,ST009,C00239,SKU032,1,102.14,0.0,38.0,Store,
T0001763,2025-09-05,ST002,C00052,SKU016,1,101.38,0.0,48.0,Ecom,
T0001764,2025-09-05,ST014,C00182,SKU005,2,76.75,9.84,41.0,Ecom,
T0001765,2025-09-05,ST016,C00100,SKU005,1,51.66,4.92,20.5,Store,CMP004
T0001766,2025-09-05,ST018,,SKU018,1,99.22,12.72,53.0,Store,
T0001767,2025-09-05,ST011,C00168,SKU040,1,17.66,0.0,8.0,Store,
T0001768,2025-09-05,ST015,C00264,SKU049,1,60.02,7.32,30.5,Store,
T0001769,2025-09-06,ST003,C00194,SKU010,1,68.9,3.96,33.0,Store,
T0001770,2025-09-06,ST005,C00101,SKU010,1,84.74,3.96,33.0,Store,CMP008
T0001771,2025-09-06,ST010,C00100,SKU001,1,22.18,0.0,10.5,Ecom,
T0001772,2025-09-06,ST005,C00131,SKU028,3,225.79,0.0,84.0,Store,CMP003
T0001773,2025-09-06,ST002,C00034,SKU017,1,106.66,0.0,50.5,Store,
T0001774,2025-09-06,ST003,C00176,SKU043,1,34.22,0.0,15.5,Ecom,
T0001775,2025-09-06,ST009,C00170,SKU037,1,135.74,0.0,50.5,Store,
T0001776,2025-09-06,ST019,C00126,SKU034,1,94.94,0.0,43.0,Store,
T0001777,2025-09-06,ST017,C00208,SKU020,1,19.58,1.92,8.0,Ecom,
T0001778,2025-09-06,ST004,C00113,SKU010,2,182.16,0.0,66.0,Store,
T0001779,2025-09-07,ST004,C00186,SKU045,1,54.12,2.46,20.5,Store,
T0001780,2025-09-07,ST003,C00247,SKU016,3,317.95,0.0,144.0,Ecom,
T0001781,2025-09-07,ST002,C00222,SKU028,1,55.78,3.36,28.0,Store,
T0001782,2025-09-07,ST012,C00250,SKU008,2,147.84,6.72,56.0,Store,
T0001783,2025-09-07,ST007,C00121,SKU026,1,45.26,5.52,23.0,Store,
T0001784,2025-09-07,ST020,C00043,SKU021,1,28.98,0.0,10.5,Store,
T0001785,2025-09-07,ST018,C00048,SKU028,3,177.41,0.0,84.0,Store,
T0001786,2025-09-07,ST006,C00188,SKU003,1,32.74,0.0,15.5,Store,
T0001787,2025-09-07,ST006,C00020,SKU020,3,50.69,0.0,24.0,Store,
T0001788,2025-09-07,ST007,C00252,SKU011,1,69.86,8.52,35.5,Ecom,
T0001789,2025-09-08,ST003,C00034,SKU040,1,17.66,0.0,8.0,Store,CMP023
T0001790,2025-09-08,ST016,C00146,SKU039,1,153.18,0.0,55.5,Store,
T0001791,2025-09-08,ST015,C00157,SKU023,1,32.36,1.86,15.5,Ecom,
T0001792,2025-09-08,ST010,C00124,SKU043,1,32.74,0.0,15.5,Store,CMP002
T0001793,2025-09-08,ST004,,SKU010,1,91.08,0.0,33.0,Store,
T0001794,2025-09-08,ST011,C00123,SKU045,2,85.61,4.92,41.0,Ecom,
T0001795,2025-09-09,ST018,C00108,SKU047,2,107.71,0.0,51.0,Store,
T0001796,2025-09-09,ST012,,SKU005,2,113.16,0.0,41.0,Ecom,
T0001797,2025-09-09,ST015,C00166,SKU043,1,34.22,0.0,15.5,Store,
T0001798,2025-09-09,ST011,C00095,SKU049,1,67.34,0.0,30.5,Store,
T0001799,2025-09-09,ST016,C00072,SKU022,1,32.76,3.12,13.0,Store,
T0001800,2025-09-09,ST007,C00020,SKU047,2,112.61,0.0,51.0,Ecom,
T0001801,2025-09-10,ST012,,SKU022,1,32.76,3.12,13.0,Store,CMP005
T0001802,2025-09-10,ST017,C00271,SKU018,3,389.23,38.16,159.0,Store,
T0001803,2025-09-10,ST002,C00281,SKU030,1,65.74,3.96,33.0,Store,CMP011
T0001804,2025-09-10,ST019,C00033,SKU041,1,21.92,1.26,10.5,Ecom,
T0001805,2025-09-10,ST020,C00162,SKU037,2,278.76,0.0,101.0,Store,
T0001806,2025-09-10,ST002,C00297,SKU015,1,96.1,0.0,45.5,Store,CMP008
T0001807,2025-09-11,ST015,C00221,SKU016,1,105.98,0.0,48.0,Store,
T0001808,2025-09-11,ST018,,SKU027,2,107.71,0.0,51.0,Store,
T0001809,2025-09-11,ST016,C00283,SKU038,1,146.28,0.0,53.0,Ecom,
T0001810,2025-09-11,ST013,C00091,SKU036,1,129.02,0.0,48.0,Store,CMP014
T0001811,2025-09-11,ST008,,SKU031,1,97.98,0.0,35.5,Store,CMP010
T0001812,2025-09-11,ST014,C00105,SKU011,2,149.95,0.0,71.0,Store,CMP010
T0001813,2025-09-12,ST018,C00036,SKU045,1,43.3,0.0,20.5,Ecom,
T0001814,2025-09-12,ST001,,SKU016,2,258.05,0.0,96.0,Store,
T0001815,2025-09-12,ST015,C00274,SKU022,1,28.7,0.0,13.0,Store,
T0001816,2025-09-12,ST003,C00181,SKU023,1,34.22,0.0,15.5,Store,
T0001817,2025-09-12,ST001,C00045,SKU040,3,64.51,0.0,24.0,Store,CMP006
T0001818,2025-09-12,ST018,C00180,SKU013,1,80.68,4.86,40.5,Store,
T0001819,2025-09-13,ST017,C00109,SKU050,1,80.78,7.92,33.0,Ecom,
T0001820,2025-09-13,ST003,C00254,SKU048,1,58.46,3.36,28.0,Store,
T0001821,2025-09-13,ST007,,SKU003,1,30.5,3.72,15.5,Ecom,
T0001822,2025-09-13,ST012,C00004,SKU042,3,102.96,4.68,39.0,Store,CMP004
T0001823,2025-09-13,ST018,,SKU050,1,65.74,3.96,33.0,Store,
T0001824,2025-09-13,ST011,C00017,SKU008,2,123.65,0.0,56.0,Ecom,CMP018
T0001825,2025-09-13,ST010,C00029,SKU003,3,98.21,0.0,46.5,Ecom,
T0001826,2025-09-13,ST005,C00211,SKU018,3,389.23,38.16,159.0,Store,
T0001827,2025-09-13,ST010,,SKU027,3,161.57,0.0,76.5,Ecom,CMP003
T0001828,2025-09-13,ST017,C00052,SKU039,1,149.18,0.0,55.5,Ecom,
T0001829,2025-09-14,ST011,C00109,SKU008,1,61.82,0.0,28.0,Store,CMP009
T0001830,2025-09-14,ST018,C00041,SKU049,2,114.19,14.64,61.0,Ecom,
T0001831,2025-09-14,ST018,C00153,SKU020,1,15.94,0.96,8.0,Store,
T0001832,2025-09-14,ST014,C00138,SKU006,2,97.15,0.0,46.0,Store,CMP019
T0001833,2025-09-14,ST016,C00185,SKU003,1,42.78,0.0,15.5,Ecom,CMP019
T0001834,2025-09-14,ST008,C00095,SKU006,1,57.96,5.52,23.0,Store,
T0001835,2025-09-14,ST001,C00065,SKU031,1,86.9,8.52,35.5,Store,CMP014
T0001836,2025-09-14,ST017,C00097,SKU018,1,142.46,0.0,53.0,Store,CMP007
T0001837,2025-09-14,ST013,C00150,SKU013,1,104.0,4.86,40.5,Store,
T0001838,2025-09-14,ST019,C00064,SKU019,2,245.09,0.0,111.0,Store,
T0001839,2025-09-15,ST004,C00130,SKU026,1,57.96,5.52,23.0,Store,CMP021
T0001840,2025-09-15,ST008,C00119,SKU009,3,252.54,0.0,91.5,Store,
T0001841,2025-09-15,ST005,C00058,SKU014,1,115.58,0.0,43.0,Ecom,
T0001842,2025-09-15,ST001,,SKU027,1,68.54,0.0,25.5,Ecom,CMP021
T0001843,2025-09-15,ST012,C00194,SKU021,1,28.98,0.0,10.5,Store,
T0001844,2025-09-15,ST005,C00097,SKU014,2,231.17,0.0,86.0,Ecom,
T0001845,2025-09-16,ST014,C00222,SKU004,1,38.02,0.0,18.0,Ecom,
T0001846,2025-09-16,ST015,C00212,SKU034,1,94.94,0.0,43.0,Store,CMP009
T0001847,2025-09-16,ST001,C00272,SKU031,1,91.16,4.26,35.5,Store,
T0001848,2025-09-16,ST015,C00142,SKU013,2,169.13,9.72,81.0,Store,CMP016
T0001849,2025-09-16,ST005,C00249,SKU002,1,31.82,3.12,13.0,Ecom,
T0001850,2025-09-16,ST004,C00268,SKU018,1,146.28,0.0,53.0,Store,CMP022
T0001851,2025-09-17,ST010,C00033,SKU048,1,59.14,0.0,28.0,Store,CMP010
T0001852,2025-09-17,ST008,C00285,SKU049,2,153.72,14.64,61.0,Store,
T0001853,2025-09-17,ST006,C00271,SKU041,1,22.18,0.0,10.5,Store,
T0001854,2025-09-17,ST018,C00001,SKU027,1,53.86,0.0,25.5,Ecom,CMP010
T0001855,2025-09-17,ST014,C00140,SKU017,1,100.6,6.06,50.5,Ecom,
T0001856,2025-09-17,ST019,C00195,SKU037,1,111.5,0.0,50.5,Store,
T0001857,2025-09-18,ST011,C00124,SKU023,1,32.36,1.86,15.5,Store,CMP018
T0001858,2025-09-18,ST003,C00071,SKU007,1,56.3,0.0,25.5,Store,CMP014
T0001859,2025-09-18,ST003,C00281,SKU007,1,56.3,0.0,25.5,Store,CMP007
T0001860,2025-09-18,ST004,C00210,SKU003,1,42.78,0.0,15.5,Ecom,
T0001861,2025-09-18,ST007,C00122,SKU006,1,50.78,0.0,23.0,Ecom,
T0001862,2025-09-18,ST018,C00124,SKU048,1,59.14,0.0,28.0,Store,
T0001863,2025-09-19,ST001,C00111,SKU032,2,204.29,0.0,76.0,Store,CMP017
T0001864,2025-09-19,ST019,,SKU018,1,117.02,0.0,53.0,Store,
T0001865,2025-09-19,ST006,C00293,SKU002,1,27.46,0.0,13.0,Store,CMP006
T0001866,2025-09-19,ST002,C00108,SKU047,1,53.86,0.0,25.5,Store,
T0001867,2025-09-19,ST008,C00061,SKU040,2,44.16,0.0,16.0,Ecom,
T0001868,2025-09-19,ST010,C00033,SKU044,2,76.03,0.0,36.0,Store,
T0001869,2025-09-20,ST012,C00216,SKU003,1,42.78,0.0,15.5,Store,CMP005
T0001870,2025-09-20,ST014,C00086,SKU015,1,85.18,10.92,45.5,Ecom,
T0001871,2025-09-20,ST017,C00300,SKU038,3,408.31,19.08,159.0,Store,CMP020
T0001872,2025-09-20,ST019,C00218,SKU014,1,89.78,5.16,43.0,Store,CMP009
T0001873,2025-09-20,ST001,C00193,SKU013,2,208.01,9.72,81.0,Ecom,
T0001874,2025-09-20,ST004,C00028,SKU045,1,51.66,4.92,20.5,Store,
T0001875,2025-09-20,ST016,C00298,SKU026,2,126.96,0.0,46.0,Store,CMP006
T0001876,2025-09-20,ST008,C00026,SKU009,1,76.86,7.32,30.5,Store,
T0001877,2025-09-20,ST018,,SKU036,1,101.38,0.0,48.0,Store,CMP011
T0001878,2025-09-20,ST006,C00106,SKU003,1,32.74,0.0,15.5,Store,
T0001879,2025-09-21,ST005,C00217,SKU040,2,39.17,3.84,16.0,Store,CMP011
T0001880,2025-09-21,ST009,,SKU022,2,69.89,0.0,26.0,Store,
T0001881,2025-09-21,ST001,C00300,SKU006,1,61.82,0.0,23.0,Ecom,
T0001882,2025-09-21,ST015,C00030,SKU035,2,179.09,21.84,91.0,Ecom,CMP005
T0001883,2025-09-21,ST011,C00259,SKU025,1,45.26,0.0,20.5,Store,CMP003
T0001884,2025-09-21,ST005,C00277,SKU039,1,142.52,6.66,55.5,Ecom,
T0001885,2025-09-21,ST005,C00148,SKU012,1,102.14,0.0,38.0,Store,
T0001886,2025-09-21,ST017,C00023,SKU028,1,75.26,0.0,28.0,Ecom,
T0001887,2025-09-21,ST013,C00046,SKU023,1,37.94,3.72,15.5,Store,CMP005
T0001888,2025-09-21,ST019,C00077,SKU008,2,110.21,13.44,56.0,Store,CMP011
T0001889,2025-09-22,ST002,C00088,SKU024,2,71.71,4.32,36.0,Store,
T0001890,2025-09-22,ST002,C00209,SKU041,1,20.92,1.26,10.5,Store,
T0001891,2025-09-22,ST015,C00009,SKU040,2,31.49,3.84,16.0,Store,CMP003
T0001892,2025-09-22,ST002,C00130,SKU008,2,118.27,0.0,56.0,Ecom,
T0001893,2025-09-22,ST001,C00133,SKU017,3,407.23,0.0,151.5,Store,
T0001894,2025-09-22,ST008,C00097,SKU034,1,118.68,0.0,43.0,Store,
T0001895,2025-09-23,ST003,C00152,SKU010,2,129.89,15.84,66.0,Store,
T0001896,2025-09-23,ST010,C00011,SKU027,1,50.8,3.06,25.5,Store,
T0001897,2025-09-23,ST017,C00159,SKU028,3,225.79,0.0,84.0,Ecom,CMP002
T0001898,2025-09-23,ST010,C00182,SKU041,3,66.53,0.0,31.5,Ecom,
T0001899,2025-09-23,ST002,C00118,SKU012,2,160.51,0.0,76.0,Store,
T0001900,2025-09-23,ST010,C00012,SKU013,1,80.68,4.86,40.5,Store,
T0001901,2025-09-24,ST009,C00272,SKU019,1,149.18,0.0,55.5,Ecom,
T0001902,2025-09-24,ST012,C00257,SKU016,1,132.48,0.0,48.0,Ecom,
T0001903,2025-09-24,ST015,C00032,SKU040,1,17.66,0.0,8.0,Store,CMP022
T0001904,2025-09-24,ST010,C00111,SKU016,1,101.38,0.0,48.0,Store,CMP017
T0001905,2025-09-24,ST011,C00114,SKU046,2,101.57,0.0,46.0,Store,CMP023
T0001906,2025-09-24,ST017,C00064,SKU030,1,80.78,7.92,33.0,Store,
T0001907,2025-09-25,ST003,C00253,SKU041,1,21.92,1.26,10.5,Ecom,
T0001908,2025-09-25,ST002,C00040,SKU027,3,143.21,18.36,76.5,Store,
T0001909,2025-09-25,ST011,,SKU025,3,128.41,7.38,61.5,Ecom,
T0001910,2025-09-25,ST017,,SKU001,1,28.22,0.0,10.5,Store,
T0001911,2025-09-25,ST004,C00058,SKU022,1,32.76,3.12,13.0,Store,
T0001912,2025-09-25,ST013,C00255,SKU022,1,34.94,0.0,13.0,Store,
T0001913,2025-09-26,ST014,C00110,SKU001,1,19.66,2.52,10.5,Store,
T0001914,2025-09-26,ST002,C00037,SKU005,2,76.75,9.84,41.0,Store,
T0001915,2025-09-26,ST004,C00119,SKU035,1,120.12,5.46,45.5,Store,
T0001916,2025-09-26,ST005,C00100,SKU049,1,81.98,0.0,30.5,Store,
T0001917,2025-09-26,ST017,,SKU010,1,88.7,0.0,33.0,Store,
T0001918,2025-09-26,ST009,C00151,SKU003,1,37.94,3.72,15.5,Ecom,
T0001919,2025-09-27,ST012,,SKU041,2,57.96,0.0,21.0,Store,
T0001920,2025-09-27,ST014,,SKU048,1,59.14,0.0,28.0,Store,
T0001921,2025-09-27,ST001,C00029,SKU003,1,41.66,0.0,15.5,Store,
T0001922,2025-09-27,ST020,C00014,SKU006,1,60.72,2.76,23.0,Store,CMP024
T0001923,2025-09-27,ST006,C00175,SKU050,1,65.74,3.96,33.0,Store,
T0001924,2025-09-27,ST019,C00249,SKU007,1,50.18,6.12,25.5,Store,
T0001925,2025-09-27,ST007,C00149,SKU034,2,189.89,0.0,86.0,Ecom,CMP010
T0001926,2025-09-27,ST001,C00100,SKU034,1,115.58,0.0,43.0,Store,
T0001927,2025-09-27,ST018,C00070,SKU048,1,59.14,0.0,28.0,Store,CMP012
T0001928,2025-09-27,ST004,,SKU004,1,49.68,0.0,18.0,Store,
T0001929,2025-09-28,ST012,C00034,SKU037,2,278.76,0.0,101.0,Ecom,
T0001930,2025-09-28,ST015,C00085,SKU017,1,99.38,12.12,50.5,Store,
T0001931,2025-09-28,ST014,C00193,SKU050,2,139.39,0.0,66.0,Store,
T0001932,2025-09-28,ST020,C00234,SKU048,1,70.56,6.72,28.0,Store,
T0001933,2025-09-28,ST012,C00292,SKU038,1,146.28,0.0,53.0,Store,
T0001934,2025-09-28,ST017,C00100,SKU020,3,64.51,0.0,24.0,Store,CMP008
T0001935,2025-09-28,ST005,C00207,SKU050,1,88.7,0.0,33.0,Store,
T0001936,2025-09-28,ST018,C00061,SKU031,1,70.72,4.26,35.5,Store,
T0001937,2025-09-28,ST015,C00159,SKU012,1,83.9,0.0,38.0,Store,
T0001938,2025-09-28,ST020,C00267,SKU024,1,45.36,4.32,18.0,Ecom,
T0001939,2025-09-29,ST010,C00209,SKU001,2,44.35,0.0,21.0,Ecom,
T0001940,2025-09-29,ST019,C00016,SKU040,1,17.66,0.0,8.0,Ecom,
T0001941,2025-09-29,ST018,C00137,SKU044,1,33.7,4.32,18.0,Store,
T0001942,2025-09-29,ST014,,SKU041,2,44.35,0.0,21.0,Ecom,
T0001943,2025-09-29,ST004,C00075,SKU044,2,90.72,8.64,36.0,Store,
T0001944,2025-09-29,ST004,C00137,SKU017,1,139.38,0.0,50.5,Ecom,CMP010
T0001945,2025-09-30,ST009,C00016,SKU041,2,56.45,0.0,21.0,Store,
T0001946,2025-09-30,ST001,C00223,SKU043,1,39.8,1.86,15.5,Store,CMP002
T0001947,2025-09-30,ST013,C00042,SKU033,1,99.14,9.72,40.5,Ecom,
T0001948,2025-09-30,ST001,C00193,SKU004,1,44.06,4.32,18.0,Store,
T0001949,2025-09-30,ST020,C00165,SKU005,1,54.12,2.46,20.5,Ecom,
T0001950,2025-09-30,ST017,C00227,SKU013,1,108.86,0.0,40.5,Store,CMP012
T0001951,2025-10-01,ST009,,SKU018,1,136.1,6.36,53.0,Store,
T0001952,2025-10-01,ST002,C00072,SKU046,2,91.63,5.52,46.0,Store,
T0001953,2025-10-01,ST012,C00048,SKU002,2,68.64,3.12,26.0,Ecom,
T0001954,2025-10-01,ST013,C00290,SKU004,1,44.06,4.32,18.0,Store,CMP009
T0001955,2025-10-01,ST017,C00035,SKU044,3,145.15,0.0,54.0,Store,CMP008
T0001956,2025-10-01,ST005,C00088,SKU021,1,26.96,1.26,10.5,Ecom,CMP018
T0001957,2025-10-02,ST015,C00085,SKU001,1,23.18,0.0,10.5,Store,
T0001958,2025-10-02,ST004,C00122,SKU015,2,251.16,0.0,91.0,Store,CMP016
T0001959,2025-10-02,ST012,C00112,SKU025,1,51.66,4.92,20.5,Store,
T0001960,2025-10-02,ST002,C00297,SKU047,1,53.86,0.0,25.5,Store,
T0001961,2025-10-02,ST002,C00146,SKU007,3,161.57,0.0,76.5,Store,
T0001962,2025-10-02,ST004,C00056,SKU026,3,182.16,8.28,69.0,Store,
T0001963,2025-10-03,ST017,C00039,SKU011,1,95.42,0.0,35.5,Ecom,
T0001964,2025-10-03,ST019,C00053,SKU035,1,100.46,0.0,45.5,Ecom,
T0001965,2025-10-03,ST006,C00252,SKU037,2,189.07,24.24,101.0,Ecom,
T0001966,2025-10-03,ST008,C00059,SKU035,2,251.16,0.0,91.0,Ecom,
T0001967,2025-10-03,ST014,C00294,SKU002,2,54.91,0.0,26.0,Store,
T0001968,2025-10-03,ST018,C00207,SKU047,1,53.86,0.0,25.5,Store,
T0001969,2025-10-04,ST013,C00208,SKU032,1,102.14,0.0,38.0,Store,
T0001970,2025-10-04,ST001,C00044,SKU025,1,55.1,0.0,20.5,Store,CMP021
T0001971,2025-10-04,ST006,C00188,SKU006,1,48.58,0.0,23.0,Store,
T0001972,2025-10-04,ST004,C00292,SKU044,1,49.68,0.0,18.0,Ecom,
T0001973,2025-10-04,ST006,C00072,SKU005,1,40.84,2.46,20.5,Ecom,
T0001974,2025-10-04,ST002,C00138,SKU036,1,89.86,11.52,48.0,Store,
T0001975,2025-10-04,ST018,C00065,SKU002,2,54.91,0.0,26.0,Ecom,
T0001976,2025-10-04,ST020,C00278,SKU045,1,51.66,4.92,20.5,Store,
T0001977,2025-10-04,ST010,C00173,SKU042,2,48.67,6.24,26.0,Store,
T0001978,2025-10-04,ST003,C00280,SKU019,1,122.54,0.0,55.5,Store,
T0001979,2025-10-05,ST012,C00279,SKU012,1,100.32,4.56,38.0,Store,
T0001980,2025-10-05,ST006,C00232,SKU002,1,27.46,0.0,13.0,Store,
T0001981,2025-10-05,ST015,C00253,SKU032,1,83.9,0.0,38.0,Store,
T0001982,2025-10-05,ST014,C00079,SKU033,2,171.07,0.0,81.0,Store,
T0001983,2025-10-05,ST016,,SKU048,1,77.28,0.0,28.0,Store,
T0001984,2025-10-05,ST006,C00122,SKU044,1,38.02,0.0,18.0,Store,
T0001985,2025-10-05,ST012,C00196,SKU049,2,168.36,0.0,61.0,Store,
T0001986,2025-10-05,ST001,C00144,SKU044,2,96.77,0.0,36.0,Store,
T0001987,2025-10-05,ST012,C00269,SKU018,1,133.56,12.72,53.0,Store,
T0001988,2025-10-05,ST020,C00127,SKU019,1,153.18,0.0,55.5,Ecom,
T0001989,2025-10-06,ST009,C00114,SKU026,2,123.65,0.0,46.0,Ecom,
T0001990,2025-10-06,ST019,C00085,SKU007,1,56.3,0.0,25.5,Ecom,CMP011
T0001991,2025-10-06,ST016,C00176,SKU012,1,95.76,9.12,38.0,Store,CMP019
T0001992,2025-10-06,ST008,C00190,SKU022,1,32.76,3.12,13.0,Store,CMP023
T0001993,2025-10-06,ST012,C00251,SKU002,1,34.32,1.56,13.0,Store,
T0001994,2025-10-06,ST001,C00250,SKU040,2,43.01,0.0,16.0,Store,
T0001995,2025-10-07,ST007,C00062,SKU020,2,31.49,3.84,16.0,Store,
T0001996,2025-10-07,ST004,C00085,SKU031,1,89.46,8.52,35.5,Store,
T0001997,2025-10-07,ST008,C00045,SKU018,2,292.56,0.0,106.0,Store,
T0001998,2025-10-07,ST010,,SKU030,2,139.39,0.0,66.0,Store,CMP024
T0001999,2025-10-07,ST020,C00244,SKU014,2,216.72,20.64,86.0,Store,CMP014
T0002000,2025-10-07,ST011,,SKU003,1,34.22,0.0,15.5,Store,
T0002001,2025-10-08,ST004,C00045,SKU019,1,153.18,0.0,55.5,Store,CMP013
T0002002,2025-10-08,ST004,C00243,SKU045,1,51.66,4.92,20.5,Store,
T0002003,2025-10-08,ST016,C00067,SKU001,1,26.46,2.52,10.5,Ecom,
T0002004,2025-10-08,ST012,C00071,SKU026,3,173.88,16.56,69.0,Ecom,
T0002005,2025-10-08,ST014,,SKU027,1,47.74,6.12,25.5,Ecom,
T0002006,2025-10-08,ST015,C00153,SKU035,2,200.93,0.0,91.0,Store,
T0002007,2025-10-09,ST011,C00144,SKU048,1,61.82,0.0,28.0,Store,
T0002008,2025-10-09,ST012,C00148,SKU021,1,28.98,0.0,10.5,Store,
T0002009,2025-10-09,ST004,C00220,SKU006,3,190.44,0.0,69.0,Ecom,CMP001
T0002010,2025-10-09,ST002,C00191,SKU010,1,61.78,7.92,33.0,Store,
T0002011,2025-10-09,ST008,C00060,SKU009,2,168.36,0.0,61.0,Store,CMP001
T0002012,2025-10-09,ST016,C00218,SKU003,1,42.78,0.0,15.5,Store,
T0002013,2025-10-10,ST010,C00197,SKU034,1,80.5,10.32,43.0,Store,
T0002014,2025-10-10,ST016,C00114,SKU045,1,54.12,2.46,20.5,Store,
T0002015,2025-10-10,ST014,C00067,SKU010,1,61.78,7.92,33.0,Store,
T0002016,2025-10-10,ST012,C00036,SKU019,1,153.18,0.0,55.5,Ecom,
T0002017,2025-10-10,ST004,C00033,SKU048,1,70.56,6.72,28.0,Store,CMP021
T0002018,2025-10-10,ST010,,SKU040,1,16.9,0.0,8.0,Store,
T0002019,2025-10-11,ST014,C00105,SKU017,2,201.19,12.12,101.0,Store,
T0002020,2025-10-11,ST016,C00045,SKU026,1,63.48,0.0,23.0,Ecom,
T0002021,2025-10-11,ST016,C00186,SKU030,1,91.08,0.0,33.0,Store,
T0002022,2025-10-11,ST019,C00047,SKU003,1,32.36,1.86,15.5,Store,
T0002023,2025-10-11,ST008,,SKU047,1,70.38,0.0,25.5,Ecom,
T0002024,2025-10-11,ST016,,SKU012,1,104.88,0.0,38.0,Store,
T0002025,2025-10-11,ST007,C00096,SKU037,3,334.51,0.0,151.5,Store,
T0002026,2025-10-11,ST019,C00110,SKU037,2,223.01,0.0,101.0,Ecom,
T0002027,2025-10-11,ST011,C00039,SKU043,1,34.22,0.0,15.5,Store,
T0002028,2025-10-11,ST006,C00126,SKU021,2,39.31,5.04,21.0,Ecom,CMP018
T0002029,2025-10-12,ST009,C00238,SKU027,2,130.97,6.12,51.0,Store,CMP013
T0002030,2025-10-12,ST001,C00130,SKU037,1,129.68,6.06,50.5,Ecom,
T0002031,2025-10-12,ST006,C00299,SKU029,1,64.42,0.0,30.5,Store,
T0002032,2025-10-12,ST006,C00240,SKU004,2,71.71,4.32,36.0,Store,
T0002033,2025-10-12,ST011,C00286,SKU009,3,180.07,21.96,91.5,Store,CMP005
T0002034,2025-10-12,ST004,C00204,SKU009,2,168.36,0.0,61.0,Store,
T0002035,2025-10-12,ST002,C00251,SKU017,1,100.6,6.06,50.5,Store,
T0002036,2025-10-12,ST019,C00108,SKU029,1,67.34,0.0,30.5,Store,
T0002037,2025-10-12,ST008,C00032,SKU041,2,57.96,0.0,21.0,Ecom,CMP009
T0002038,2025-10-12,ST008,C00294,SKU025,2,103.32,9.84,41.0,Store,
T0002039,2025-10-13,ST012,C00293,SKU011,2,195.96,0.0,71.0,Store,CMP005
T0002040,2025-10-13,ST006,C00179,SKU050,1,69.7,0.0,33.0,Store,
T0002041,2025-10-13,ST017,,SKU013,2,217.73,0.0,81.0,Ecom,
T0002042,2025-10-13,ST003,C00256,SKU014,1,94.94,0.0,43.0,Store,CMP002
T0002043,2025-10-13,ST005,C00061,SKU008,2,143.81,6.72,56.0,Ecom,
T0002044,2025-10-13,ST005,,SKU004,2,96.77,0.0,36.0,Store,CMP013
T0002045,2025-10-14,ST005,,SKU012,1,102.14,0.0,38.0,Ecom,
T0002046,2025-10-14,ST017,C00128,SKU049,1,74.66,7.32,30.5,Store,
T0002047,2025-10-14,ST010,C00195,SKU037,1,94.54,12.12,50.5,Store,CMP006
T0002048,2025-10-14,ST010,C00077,SKU050,2,139.39,0.0,66.0,Store,CMP003
T0002049,2025-10-14,ST018,C00269,SKU044,1,38.02,0.0,18.0,Store,
T0002050,2025-10-14,ST011,C00147,SKU009,1,67.34,0.0,30.5,Store,
T0002051,2025-10-15,ST012,C00034,SKU023,2,85.56,0.0,31.0,Store,
T0002052,2025-10-15,ST019,C00299,SKU039,1,122.54,0.0,55.5,Store,
T0002053,2025-10-15,ST015,C00098,SKU008,1,61.82,0.0,28.0,Store,
T0002054,2025-10-15,ST013,C00067,SKU020,1,21.5,0.0,8.0,Ecom,CMP003
T0002055,2025-10-15,ST005,C00247,SKU002,3,100.15,4.68,39.0,Store,CMP020
T0002056,2025-10-15,ST008,C00031,SKU036,1,120.96,11.52,48.0,Ecom,CMP024
T0002057,2025-10-16,ST003,C00012,SKU028,1,61.82,0.0,28.0,Store,CMP010
T0002058,2025-10-16,ST004,C00082,SKU022,2,71.76,0.0,26.0,Ecom,CMP023
T0002059,2025-10-16,ST002,,SKU016,1,101.38,0.0,48.0,Store,
T0002060,2025-10-16,ST016,C00232,SKU037,1,139.38,0.0,50.5,Store,
T0002061,2025-10-16,ST019,C00179,SKU044,1,37.58,2.16,18.0,Ecom,
T0002062,2025-10-16,ST009,C00071,SKU031,2,190.85,0.0,71.0,Store,
T0002063,2025-10-17,ST002,,SKU036,1,89.86,11.52,48.0,Store,CMP007
T0002064,2025-10-17,ST014,C00231,SKU036,1,101.38,0.0,48.0,Store,
T0002065,2025-10-17,ST002,,SKU035,1,96.1,0.0,45.5,Store,
T0002066,2025-10-17,ST001,,SKU047,1,68.54,0.0,25.5,Store,
T0002067,2025-10-17,ST002,C00127,SKU027,1,53.86,0.0,25.5,Ecom,
T0002068,2025-10-17,ST010,C00142,SKU024,1,38.02,0.0,18.0,Store,
T0002069,2025-10-18,ST007,,SKU002,1,28.7,0.0,13.0,Store,
T0002070,2025-10-18,ST012,C00220,SKU029,1,80.52,3.66,30.5,Store,CMP004
T0002071,2025-10-18,ST011,C00103,SKU013,1,89.42,0.0,40.5,Ecom,
T0002072,2025-10-18,ST015,C00202,SKU017,1,111.5,0.0,50.5,Store,CMP019
T0002073,2025-10-18,ST008,C00244,SKU009,1,84.18,0.0,30.5,Store,
T0002074,2025-10-18,ST014,C00170,SKU007,1,53.86,0.0,25.5,Ecom,
T0002075,2025-10-18,ST002,C00240,SKU029,1,64.42,0.0,30.5,Store,CMP024
T0002076,2025-10-18,ST019,C00283,SKU016,1,94.46,11.52,48.0,Ecom,
T0002077,2025-10-18,ST009,,SKU037,1,135.74,0.0,50.5,Store,
T0002078,2025-10-18,ST009,C00020,SKU040,2,43.01,0.0,16.0,Store,
T0002079,2025-10-19,ST016,C00271,SKU026,3,190.44,0.0,69.0,Store,
T0002080,2025-10-19,ST019,C00213,SKU029,1,60.02,7.32,30.5,Store,
T0002081,2025-10-19,ST013,C00249,SKU007,1,68.54,0.0,25.5,Store,
T0002082,2025-10-19,ST008,C00166,SKU015,1,125.58,0.0,45.5,Ecom,
T0002083,2025-10-19,ST019,C00292,SKU039,2,218.45,26.64,111.0,Store,
T0002084,2025-10-19,ST009,C00072,SKU011,1,91.16,4.26,35.5,Ecom,CMP015
T0002085,2025-10-19,ST018,,SKU011,1,74.98,0.0,35.5,Store,
T0002086,2025-10-19,ST009,C00280,SKU007,3,205.63,0.0,76.5,Store,CMP022
T0002087,2025-10-19,ST020,C00259,SKU037,2,254.52,24.24,101.0,Store,
T0002088,2025-10-19,ST004,C00012,SKU006,2,115.92,11.04,46.0,Store,
T0002089,2025-10-20,ST010,C00037,SKU043,3,92.63,5.58,46.5,Store,
T0002090,2025-10-20,ST005,C00232,SKU011,3,286.27,0.0,106.5,Ecom,
T0002091,2025-10-20,ST008,C00260,SKU037,1,139.38,0.0,50.5,Store,
T0002092,2025-10-20,ST001,C00215,SKU017,1,129.68,6.06,50.5,Ecom,
T0002093,2025-10-20,ST006,C00044,SKU013,1,80.68,4.86,40.5,Store,CMP021
T0002094,2025-10-20,ST006,C00139,SKU033,2,151.63,19.44,81.0,Store,
T0002095,2025-10-21,ST017,C00201,SKU010,1,84.74,3.96,33.0,Store,
T0002096,2025-10-21,ST002,C00061,SKU038,1,111.94,0.0,53.0,Store,
T0002097,2025-10-21,ST012,,SKU028,2,154.56,0.0,56.0,Store,CMP010
T0002098,2025-10-21,ST018,C00194,SKU036,1,95.62,5.76,48.0,Ecom,
T0002099,2025-10-21,ST013,C00024,SKU012,2,195.17,9.12,76.0,Store,
T0002100,2025-10-21,ST020,C00128,SKU025,2,103.32,9.84,41.0,Store,
T0002101,2025-10-22,ST017,C00228,SKU020,1,19.58,1.92,8.0,Store,
T0002102,2025-10-22,ST006,C00125,SKU023,2,61.75,3.72,31.0,Store,CMP018
T0002103,2025-10-22,ST017,C00114,SKU037,1,129.68,6.06,50.5,Store,
T0002104,2025-10-22,ST020,C00071,SKU003,3,122.76,5.58,46.5,Ecom,
T0002105,2025-10-22,ST017,C00035,SKU029,1,74.66,7.32,30.5,Store,
T0002106,2025-10-22,ST003,C00058,SKU014,1,94.94,0.0,43.0,Ecom,
T0002107,2025-10-23,ST020,C00105,SKU041,2,57.96,0.0,21.0,Store,CMP016
T0002108,2025-10-23,ST001,C00128,SKU022,1,34.94,0.0,13.0,Store,
T0002109,2025-10-23,ST013,C00012,SKU022,2,69.89,0.0,26.0,Store,
T0002110,2025-10-23,ST010,C00064,SKU032,1,75.7,4.56,38.0,Store,
T0002111,2025-10-23,ST007,C00015,SKU045,2,85.61,4.92,41.0,Store,
T0002112,2025-10-23,ST016,,SKU048,1,77.28,0.0,28.0,Store,
T0002113,2025-10-24,ST018,,SKU041,1,22.18,0.0,10.5,Store,
T0002114,2025-10-24,ST018,,SKU010,1,69.7,0.0,33.0,Ecom,
T0002115,2025-10-24,ST004,C00095,SKU015,2,240.24,10.92,91.0,Store,
T0002116,2025-10-24,ST020,C00128,SKU043,1,39.06,3.72,15.5,Store,
T0002117,2025-10-24,ST015,C00196,SKU020,1,17.66,0.0,8.0,Store,
T0002118,2025-10-24,ST011,,SKU043,1,34.22,0.0,15.5,Store,
T0002119,2025-10-25,ST002,C00185,SKU044,1,35.86,2.16,18.0,Store,
T0002120,2025-10-25,ST004,C00217,SKU005,1,56.58,0.0,20.5,Store,CMP020
T0002121,2025-10-25,ST018,C00161,SKU026,1,48.58,0.0,23.0,Store,CMP019
T0002122,2025-10-25,ST012,,SKU039,1,153.18,0.0,55.5,Store,CMP021
T0002123,2025-10-25,ST010,C00298,SKU009,1,64.42,0.0,30.5,Store,
T0002124,2025-10-25,ST013,C00286,SKU044,1,46.22,2.16,18.0,Store,
T0002125,2025-10-25,ST014,C00160,SKU017,1,106.66,0.0,50.5,Store,
T0002126,2025-10-25,ST018,C00158,SKU002,2,54.91,0.0,26.0,Ecom,CMP017
T0002127,2025-10-25,ST001,C00190,SKU028,1,71.9,3.36,28.0,Ecom,
T0002128,2025-10-25,ST006,C00149,SKU050,1,65.74,3.96,33.0,Store,
T0002129,2025-10-26,ST012,C00005,SKU015,1,120.12,5.46,45.5,Store,CMP006
T0002130,2025-10-26,ST005,C00232,SKU019,1,142.52,6.66,55.5,Store,
T0002131,2025-10-26,ST013,C00035,SKU009,1,81.98,0.0,30.5,Store,CMP009
T0002132,2025-10-26,ST004,C00258,SKU006,2,126.96,0.0,46.0,Store,
T0002133,2025-10-26,ST013,,SKU004,2,88.13,8.64,36.0,Store,CMP016
T0002134,2025-10-26,ST013,C00287,SKU031,1,95.42,0.0,35.5,Ecom,CMP020
T0002135,2025-10-26,ST012,C00007,SKU029,3,252.54,0.0,91.5,Ecom,
T0002136,2025-10-26,ST014,C00218,SKU017,1,106.66,0.0,50.5,Store,
T0002137,2025-10-26,ST017,C00246,SKU017,1,129.68,6.06,50.5,Store,
T0002138,2025-10-26,ST013,C00237,SKU049,1,81.98,0.0,30.5,Store,
T0002139,2025-10-27,ST017,C00064,SKU012,1,102.14,0.0,38.0,Ecom,
T0002140,2025-10-27,ST012,C00138,SKU049,1,80.52,3.66,30.5,Store,CMP021
T0002141,2025-10-27,ST015,C00101,SKU022,2,57.41,0.0,26.0,Store,CMP007
T0002142,2025-10-27,ST015,C00252,SKU019,1,109.22,13.32,55.5,Ecom,
T0002143,2025-10-27,ST015,C00204,SKU029,2,134.69,0.0,61.0,Store,
T0002144,2025-10-27,ST006,C00099,SKU032,2,142.27,18.24,76.0,Store,
T0002145,2025-10-28,ST003,C00007,SKU031,1,78.38,0.0,35.5,Store,
T0002146,2025-10-28,ST013,C00131,SKU016,1,129.02,0.0,48.0,Ecom,CMP020
T0002147,2025-10-28,ST008,C00258,SKU021,2,57.96,0.0,21.0,Store,
T0002148,2025-10-28,ST008,,SKU020,2,44.16,0.0,16.0,Store,
T0002149,2025-10-28,ST013,C00147,SKU029,1,81.98,0.0,30.5,Store,
T0002150,2025-10-28,ST006,C00185,SKU018,1,105.58,6.36,53.0,Store,CMP018
T0002151,2025-10-29,ST018,C00244,SKU024,1,38.02,0.0,18.0,Ecom,
T0002152,2025-10-29,ST004,C00165,SKU001,1,26.46,2.52,10.5,Store,CMP018
T0002153,2025-10-29,ST017,C00276,SKU033,2,198.29,19.44,81.0,Store,
T0002154,2025-10-29,ST019,C00080,SKU034,2,169.25,20.64,86.0,Store,CMP011
T0002155,2025-10-29,ST005,,SKU031,2,190.85,0.0,71.0,Store,CMP008
T0002156,2025-10-29,ST003,C00277,SKU047,2,106.49,6.12,51.0,Store,
T0002157,2025-10-30,ST005,C00116,SKU014,1,115.58,0.0,43.0,Store,
T0002158,2025-10-30,ST004,C00282,SKU010,1,87.12,3.96,33.0,Store,
T0002159,2025-10-30,ST019,C00265,SKU014,2,189.89,0.0,86.0,Store,
T0002160,2025-10-30,ST007,C00023,SKU011,2,156.77,0.0,71.0,Ecom,CMP006
T0002161,2025-10-30,ST001,C00198,SKU005,1,52.64,2.46,20.5,Store,CMP001
T0002162,2025-10-30,ST020,C00247,SKU043,2,85.56,0.0,31.0,Ecom,CMP003
T0002163,2025-10-31,ST007,C00048,SKU024,1,39.74,0.0,18.0,Store,
T0002164,2025-10-31,ST011,C00044,SKU042,1,28.7,0.0,13.0,Store,
T0002165,2025-10-31,ST018,C00162,SKU042,1,24.34,3.12,13.0,Store,
T0002166,2025-10-31,ST004,,SKU003,2,85.56,0.0,31.0,Ecom,
T0002167,2025-10-31,ST006,C00143,SKU001,3,58.97,7.56,31.5,Ecom,
T0002168,2025-10-31,ST011,C00024,SKU002,1,27.14,1.56,13.0,Store,
T0002169,2025-11-01,ST001,C00190,SKU042,1,34.94,0.0,13.0,Store,
T0002170,2025-11-01,ST008,,SKU019,1,153.18,0.0,55.5,Ecom,CMP020
T0002171,2025-11-01,ST019,C00241,SKU018,1,104.3,12.72,53.0,Ecom,CMP018
T0002172,2025-11-01,ST014,C00151,SKU027,1,50.8,3.06,25.5,Store,
T0002173,2025-11-01,ST020,C00236,SKU026,2,115.92,11.04,46.0,Store,CMP014
T0002174,2025-11-01,ST017,C00242,SKU041,1,26.96,1.26,10.5,Store,
T0002175,2025-11-01,ST001,C00220,SKU024,1,46.22,2.16,18.0,Store,
T0002176,2025-11-01,ST013,C00122,SKU002,1,34.94,0.0,13.0,Ecom,CMP023
T0002177,2025-11-01,ST012,C00268,SKU030,1,91.08,0.0,33.0,Store,
T0002178,2025-11-01,ST003,C00293,SKU036,1,105.98,0.0,48.0,Ecom,
T0002179,2025-11-02,ST012,C00061,SKU022,1,34.32,1.56,13.0,Store,
T0002180,2025-11-02,ST005,C00095,SKU032,2,204.29,0.0,76.0,Ecom,
T0002181,2025-11-02,ST018,C00207,SKU010,3,197.21,11.88,99.0,Store,CMP006
T0002182,2025-11-02,ST016,C00039,SKU022,1,35.88,0.0,13.0,Store,
T0002183,2025-11-02,ST005,C00178,SKU007,1,68.54,0.0,25.5,Ecom,
T0002184,2025-11-02,ST011,C00065,SKU028,1,55.1,6.72,28.0,Store,CMP012
T0002185,2025-11-02,ST001,C00026,SKU046,1,59.06,2.76,23.0,Ecom,CMP023
T0002186,2025-11-02,ST014,C00236,SKU018,1,111.94,0.0,53.0,Ecom,CMP016
T0002187,2025-11-02,ST017,C00168,SKU011,2,190.85,0.0,71.0,Store,CMP003
T0002188,2025-11-02,ST017,C00135,SKU012,2,204.29,0.0,76.0,Store,CMP014
T0002189,2025-11-03,ST018,C00247,SKU050,1,69.7,0.0,33.0,Store,
T0002190,2025-11-03,ST002,,SKU006,1,48.58,0.0,23.0,Ecom,
T0002191,2025-11-03,ST004,,SKU043,1,42.78,0.0,15.5,Store,
T0002192,2025-11-03,ST012,C00226,SKU015,1,114.66,10.92,45.5,Store,CMP002
T0002193,2025-11-03,ST003,C00008,SKU028,1,58.46,3.36,28.0,Ecom,CMP023
T0002194,2025-11-03,ST003,C00160,SKU033,1,89.42,0.0,40.5,Store,
T0002195,2025-11-04,ST005,C00212,SKU037,1,123.62,12.12,50.5,Store,CMP014
T0002196,2025-11-04,ST020,C00242,SKU017,2,266.64,12.12,101.0,Store,
T0002197,2025-11-04,ST020,C00073,SKU047,3,211.14,0.0,76.5,Ecom,
T0002198,2025-11-04,ST003,C00037,SKU014,1,94.94,0.0,43.0,Ecom,CMP012
T0002199,2025-11-04,ST020,C00094,SKU026,1,63.48,0.0,23.0,Store,CMP024
T0002200,2025-11-04,ST009,C00124,SKU034,1,115.58,0.0,43.0,Store,
T0002201,2025-11-05,ST009,C00220,SKU035,1,111.38,10.92,45.5,Ecom,
T0002202,2025-11-05,ST009,C00258,SKU020,1,21.5,0.0,8.0,Store,
T0002203,2025-11-05,ST008,C00153,SKU025,1,56.58,0.0,20.5,Store,
T0002204,2025-11-05,ST002,C00142,SKU029,2,121.51,7.32,61.0,Store,
T0002205,2025-11-05,ST012,C00204,SKU006,1,57.96,5.52,23.0,Store,CMP001
T0002206,2025-11-05,ST018,C00167,SKU022,1,25.9,1.56,13.0,Store,
T0002207,2025-11-06,ST001,C00053,SKU043,2,83.33,0.0,31.0,Ecom,
T0002208,2025-11-06,ST015,C00199,SKU050,1,72.86,0.0,33.0,Store,CMP010
T0002209,2025-11-06,ST015,C00091,SKU044,1,39.74,0.0,18.0,Store,
T0002210,2025-11-06,ST008,C00138,SKU021,1,28.98,0.0,10.5,Ecom,
T0002211,2025-11-06,ST003,C00225,SKU043,2,61.01,7.44,31.0,Ecom,
T0002212,2025-11-06,ST001,C00026,SKU011,1,95.42,0.0,35.5,Ecom,
T0002213,2025-11-07,ST006,C00133,SKU023,1,29.02,3.72,15.5,Store,
T0002214,2025-11-07,ST002,,SKU032,1,80.26,0.0,38.0,Store,
T0002215,2025-11-07,ST018,C00188,SKU004,1,38.02,0.0,18.0,Ecom,
T0002216,2025-11-07,ST002,C00148,SKU001,3,58.97,7.56,31.5,Ecom,CMP010
T0002217,2025-11-07,ST001,C00297,SKU014,1,115.58,0.0,43.0,Ecom,
T0002218,2025-11-07,ST007,,SKU028,1,61.82,0.0,28.0,Store,CMP018
T0002219,2025-11-08,ST020,C00173,SKU007,2,128.52,12.24,51.0,Ecom,
T0002220,2025-11-08,ST012,C00125,SKU023,2,78.12,7.44,31.0,Store,
T0002221,2025-11-08,ST013,,SKU005,1,52.64,2.46,20.5,Store,
T0002222,2025-11-08,ST001,C00281,SKU026,1,56.3,5.52,23.0,Store,
T0002223,2025-11-08,ST009,C00124,SKU003,3,113.83,11.16,46.5,Store,CMP022
T0002224,2025-11-08,ST007,C00148,SKU043,1,34.22,0.0,15.5,Store,
T0002225,2025-11-08,ST013,C00081,SKU032,1,102.14,0.0,38.0,Store,CMP021
T0002226,2025-11-08,ST001,C00195,SKU005,1,55.1,0.0,20.5,Store,
T0002227,2025-11-08,ST004,C00095,SKU030,1,91.08,0.0,33.0,Store,
T0002228,2025-11-08,ST005,C00158,SKU015,1,122.3,0.0,45.5,Ecom,CMP024
T0002229,2025-11-09,ST019,C00216,SKU003,2,68.45,0.0,31.0,Store,
T0002230,2025-11-09,ST018,C00262,SKU036,1,101.38,0.0,48.0,Store,CMP004
T0002231,2025-11-09,ST013,C00070,SKU029,1,81.98,0.0,30.5,Store,
T0002232,2025-11-09,ST015,C00289,SKU022,1,25.58,3.12,13.0,Ecom,
T0002233,2025-11-09,ST006,C00217,SKU006,1,45.82,2.76,23.0,Store,CMP008
T0002234,2025-11-09,ST006,C00073,SKU001,1,22.18,0.0,10.5,Store,
T0002235,2025-11-09,ST015,C00065,SKU030,1,68.9,3.96,33.0,Ecom,CMP012
T0002236,2025-11-09,ST008,C00004,SKU046,1,60.72,2.76,23.0,Store,
T0002237,2025-11-09,ST020,C00035,SKU047,1,64.26,6.12,25.5,Store,
T0002238,2025-11-09,ST016,,SKU047,1,70.38,0.0,25.5,Ecom,
T0002239,2025-11-10,ST017,C00191,SKU028,1,68.54,6.72,28.0,Ecom,CMP019
T0002240,2025-11-10,ST019,C00241,SKU048,1,61.82,0.0,28.0,Store,
T0002241,2025-11-10,ST002,C00174,SKU049,2,121.51,7.32,61.0,Ecom,
T0002242,2025-11-10,ST020,,SKU014,3,325.08,30.96,129.0,Store,
T0002243,2025-11-10,ST019,C00261,SKU031,1,78.38,0.0,35.5,Store,
T0002244,2025-11-10,ST017,C00245,SKU009,1,81.98,0.0,30.5,Store,CMP007
T0002245,2025-11-11,ST018,C00118,SKU009,1,64.42,0.0,30.5,Store,CMP003
T0002246,2025-11-11,ST016,C00068,SKU018,3,400.68,38.16,159.0,Store,
T0002247,2025-11-11,ST012,C00101,SKU037,2,278.76,0.0,101.0,Ecom,
T0002248,2025-11-11,ST005,C00026,SKU003,1,41.66,0.0,15.5,Store,CMP005
T0002249,2025-11-11,ST015,C00066,SKU032,1,83.9,0.0,38.0,Store,CMP023
T0002250,2025-11-11,ST005,,SKU033,1,108.86,0.0,40.5,Store,
T0002251,2025-11-12,ST001,C00030,SKU044,1,44.06,4.32,18.0,Store,CMP015
T0002252,2025-11-12,ST012,C00050,SKU026,1,63.48,0.0,23.0,Store,CMP003
T0002253,2025-11-12,ST006,,SKU039,1,117.22,0.0,55.5,Store,
T0002254,2025-11-12,ST020,C00082,SKU003,1,39.06,3.72,15.5,Store,CMP001
T0002255,2025-11-12,ST018,,SKU018,1,111.94,0.0,53.0,Ecom,CMP003
T0002256,2025-11-12,ST007,C00008,SKU008,1,61.82,0.0,28.0,Ecom,
T0002257,2025-11-13,ST014,C00021,SKU026,1,45.82,2.76,23.0,Store,
T0002258,2025-11-13,ST017,C00031,SKU026,1,61.82,0.0,23.0,Ecom,
T0002259,2025-11-13,ST010,,SKU042,3,77.69,4.68,39.0,Store,
T0002260,2025-11-13,ST020,C00116,SKU050,1,91.08,0.0,33.0,Store,CMP021
T0002261,2025-11-13,ST006,C00087,SKU030,1,65.74,3.96,33.0,Store,
T0002262,2025-11-13,ST010,C00211,SKU010,1,69.7,0.0,33.0,Store,
T0002263,2025-11-14,ST011,C00052,SKU018,1,104.3,12.72,53.0,Ecom,
T0002264,2025-11-14,ST018,C00051,SKU048,2,111.55,6.72,56.0,Ecom,CMP008
T0002265,2025-11-14,ST003,C00195,SKU043,1,34.22,0.0,15.5,Ecom,
T0002266,2025-11-14,ST005,C00145,SKU047,3,205.63,0.0,76.5,Store,
T0002267,2025-11-14,ST012,C00126,SKU035,1,125.58,0.0,45.5,Store,
T0002268,2025-11-14,ST008,,SKU005,2,103.32,9.84,41.0,Store,
T0002269,2025-11-15,ST009,C00200,SKU024,2,88.13,8.64,36.0,Store,
T0002270,2025-11-15,ST015,C00138,SKU026,2,101.57,0.0,46.0,Store,
T0002271,2025-11-15,ST008,C00242,SKU028,3,231.84,0.0,84.0,Ecom,
T0002272,2025-11-15,ST020,C00033,SKU050,1,91.08,0.0,33.0,Store,CMP006
T0002273,2025-11-15,ST012,C00005,SKU002,1,32.76,3.12,13.0,Store,
T0002274,2025-11-15,ST003,C00205,SKU022,1,28.7,0.0,13.0,Store,
T0002275,2025-11-15,ST013,C00229,SKU026,1,61.82,0.0,23.0,Store,CMP009
T0002276,2025-11-15,ST012,C00061,SKU050,1,87.12,3.96,33.0,Store,CMP010
T0002277,2025-11-15,ST009,C00101,SKU042,1,34.94,0.0,13.0,Ecom,
T0002278,2025-11-15,ST010,C00159,SKU050,1,69.7,0.0,33.0,Store,
T0002279,2025-11-16,ST015,,SKU015,2,200.93,0.0,91.0,Store,CMP021
T0002280,2025-11-16,ST004,C00183,SKU032,2,209.76,0.0,76.0,Store,
T0002281,2025-11-16,ST018,,SKU029,3,193.25,0.0,91.5,Store,
T0002282,2025-11-16,ST009,C00222,SKU048,2,137.09,13.44,56.0,Store,
T0002283,2025-11-16,ST016,,SKU004,1,49.68,0.0,18.0,Ecom,
T0002284,2025-11-16,ST001,C00175,SKU045,2,110.21,0.0,41.0,Store,CMP015
T0002285,2025-11-16,ST005,C00166,SKU037,1,135.74,0.0,50.5,Store,
T0002286,2025-11-16,ST002,C00183,SKU042,2,51.79,3.12,26.0,Store,
T0002287,2025-11-16,ST012,C00024,SKU021,1,28.98,0.0,10.5,Store,
T0002288,2025-11-16,ST005,C00164,SKU005,1,55.1,0.0,20.5,Store,CMP001
T0002289,2025-11-17,ST008,C00064,SKU037,2,278.76,0.0,101.0,Store,
T0002290,2025-11-17,ST003,C00018,SKU032,1,83.9,0.0,38.0,Store,
T0002291,2025-11-17,ST005,C00091,SKU034,2,231.17,0.0,86.0,Store,
T0002292,2025-11-17,ST016,C00192,SKU016,3,397.44,0.0,144.0,Ecom,
T0002293,2025-11-17,ST007,C00078,SKU016,1,100.22,5.76,48.0,Store,CMP020
T0002294,2025-11-17,ST017,C00001,SKU039,1,142.52,6.66,55.5,Ecom,
T0002295,2025-11-18,ST008,C00117,SKU023,1,42.78,0.0,15.5,Ecom,
T0002296,2025-11-18,ST016,,SKU026,1,60.72,2.76,23.0,Store,CMP006
T0002297,2025-11-18,ST016,C00082,SKU008,2,154.56,0.0,56.0,Store,
T0002298,2025-11-18,ST016,C00052,SKU008,1,70.56,6.72,28.0,Store,CMP018
T0002299,2025-11-18,ST006,,SKU046,2,91.63,5.52,46.0,Ecom,
T0002300,2025-11-18,ST018,C00245,SKU017,1,100.6,6.06,50.5,Store,
T0002301,2025-11-19,ST007,C00079,SKU014,1,94.94,0.0,43.0,Store,
T0002302,2025-11-19,ST004,C00130,SKU049,3,252.54,0.0,91.5,Store,
T0002303,2025-11-19,ST019,C00095,SKU010,1,72.86,0.0,33.0,Store,
T0002304,2025-11-19,ST020,C00026,SKU022,2,71.76,0.0,26.0,Store,
T0002305,2025-11-19,ST016,,SKU016,1,120.96,11.52,48.0,Store,CMP013
T0002306,2025-11-19,ST016,,SKU018,1,139.92,6.36,53.0,Store,
T0002307,2025-11-20,ST018,C00288,SKU020,1,16.9,0.0,8.0,Store,
T0002308,2025-11-20,ST013,C00030,SKU012,1,102.14,0.0,38.0,Store,
T0002309,2025-11-20,ST016,C00033,SKU043,1,42.78,0.0,15.5,Store,
T0002310,2025-11-20,ST011,C00090,SKU017,3,334.51,0.0,151.5,Store,
T0002311,2025-11-20,ST009,,SKU005,2,110.21,0.0,41.0,Store,
T0002312,2025-11-20,ST019,,SKU043,2,61.01,7.44,31.0,Store,
T0002313,2025-11-21,ST015,C00095,SKU036,1,105.98,0.0,48.0,Store,
T0002314,2025-11-21,ST006,C00008,SKU028,1,55.78,3.36,28.0,Store,CMP024
T0002315,2025-11-21,ST005,,SKU020,1,21.5,0.0,8.0,Store,
T0002316,2025-11-21,ST020,C00291,SKU026,1,60.72,2.76,23.0,Store,CMP017
T0002317,2025-11-21,ST003,C00248,SKU011,1,69.86,8.52,35.5,Store,
T0002318,2025-11-21,ST015,C00015,SKU042,1,28.7,0.0,13.0,Ecom,
T0002319,2025-11-22,ST018,C00279,SKU040,1,16.9,0.0,8.0,Ecom,
T0002320,2025-11-22,ST019,C00104,SKU045,1,45.26,0.0,20.5,Store,
T0002321,2025-11-22,ST010,,SKU013,1,75.82,9.72,40.5,Store,
T0002322,2025-11-22,ST004,,SKU010,1,91.08,0.0,33.0,Store,
T0002323,2025-11-22,ST012,C00140,SKU032,3,287.28,27.36,114.0,Ecom,
T0002324,2025-11-22,ST010,,SKU031,1,74.98,0.0,35.5,Store,
T0002325,2025-11-22,ST013,C00223,SKU020,1,21.5,0.0,8.0,Store,
T0002326,2025-11-22,ST010,C00104,SKU006,1,48.58,0.0,23.0,Ecom,
T0002327,2025-11-22,ST009,,SKU022,1,34.94,0.0,13.0,Store,
T0002328,2025-11-22,ST007,C00198,SKU003,3,91.51,11.16,46.5,Store,
T0002329,2025-11-23,ST015,,SKU029,2,120.05,14.64,61.0,Store,
T0002330,2025-11-23,ST013,C00026,SKU015,1,111.38,10.92,45.5,Store,
T0002331,2025-11-23,ST012,,SKU023,1,40.92,1.86,15.5,Store,
T0002332,2025-11-23,ST010,C00161,SKU016,1,89.86,11.52,48.0,Store,
T0002333,2025-11-23,ST019,C00202,SKU049,1,67.34,0.0,30.5,Store,
T0002334,2025-11-23,ST010,C00150,SKU022,2,54.91,0.0,26.0,Ecom,
T0002335,2025-11-23,ST010,C00292,SKU040,3,44.93,5.76,24.0,Store,CMP020
T0002336,2025-11-23,ST009,C00146,SKU018,1,142.46,0.0,53.0,Store,
T0002337,2025-11-23,ST017,C00288,SKU049,1,81.98,0.0,30.5,Store,CMP011
T0002338,2025-11-23,ST005,C00112,SKU039,3,407.59,39.96,166.5,Ecom,
T0002339,2025-11-24,ST019,,SKU018,1,117.02,0.0,53.0,Ecom,
T0002340,2025-11-24,ST015,,SKU009,1,63.68,3.66,30.5,Store,
T0002341,2025-11-24,ST010,C00147,SKU034,1,85.66,5.16,43.0,Store,
T0002342,2025-11-24,ST019,C00065,SKU009,1,67.34,0.0,30.5,Store,CMP009
T0002343,2025-11-24,ST010,C00076,SKU025,2,86.59,0.0,41.0,Ecom,
T0002344,2025-11-24,ST005,C00055,SKU048,1,75.26,0.0,28.0,Store,CMP015
T0002345,2025-11-25,ST013,C00201,SKU023,1,37.94,3.72,15.5,Store,
T0002346,2025-11-25,ST016,C00221,SKU001,3,86.94,0.0,31.5,Store,
T0002347,2025-11-25,ST003,C00283,SKU017,1,111.5,0.0,50.5,Store,
T0002348,2025-11-25,ST008,,SKU006,3,173.88,16.56,69.0,Ecom,
T0002349,2025-11-25,ST010,C00209,SKU012,1,80.26,0.0,38.0,Store,CMP008
T0002350,2025-11-25,ST015,C00209,SKU019,1,122.54,0.0,55.5,Store,CMP008
T0002351,2025-11-26,ST019,C00203,SKU027,2,100.37,12.24,51.0,Store,
T0002352,2025-11-26,ST011,C00073,SKU046,1,50.78,0.0,23.0,Store,
T0002353,2025-11-26,ST002,C00046,SKU010,1,65.74,3.96,33.0,Store,
T0002354,2025-11-26,ST015,C00020,SKU017,1,111.5,0.0,50.5,Store,CMP008
T0002355,2025-11-26,ST012,C00287,SKU004,1,49.68,0.0,18.0,Store,
T0002356,2025-11-26,ST015,C00082,SKU049,1,67.34,0.0,30.5,Store,
T0002357,2025-11-27,ST008,C00069,SKU001,1,26.46,2.52,10.5,Store,
T0002358,2025-11-27,ST001,,SKU015,1,116.84,5.46,45.5,Store,
T0002359,2025-11-27,ST004,C00234,SKU043,1,42.78,0.0,15.5,Store,
T0002360,2025-11-27,ST016,C00162,SKU040,1,22.08,0.0,8.0,Store,CMP021
T0002361,2025-11-27,ST002,C00089,SKU006,2,86.11,11.04,46.0,Store,
T0002362,2025-11-27,ST016,C00111,SKU011,1,97.98,0.0,35.5,Store,CMP018
T0002363,2025-11-28,ST003,C00009,SKU038,1,117.02,0.0,53.0,Store,
T0002364,2025-11-28,ST005,,SKU019,1,142.52,6.66,55.5,Ecom,
T0002365,2025-11-28,ST009,C00237,SKU043,2,83.33,0.0,31.0,Store,
T0002366,2025-11-28,ST016,C00212,SKU021,1,26.46,2.52,10.5,Store,
T0002367,2025-11-28,ST009,C00278,SKU004,1,46.22,2.16,18.0,Store,CMP022
T0002368,2025-11-28,ST005,C00033,SKU022,1,34.94,0.0,13.0,Ecom,
T0002369,2025-11-29,ST019,C00202,SKU045,2,90.53,0.0,41.0,Ecom,
T0002370,2025-11-29,ST005,C00097,SKU016,1,129.02,0.0,48.0,Store,
T0002371,2025-11-29,ST003,C00062,SKU006,1,45.26,5.52,23.0,Store,CMP023
T0002372,2025-11-29,ST018,C00026,SKU027,1,53.86,0.0,25.5,Store,
T0002373,2025-11-29,ST016,C00116,SKU019,1,153.18,0.0,55.5,Store,CMP020
T0002374,2025-11-29,ST012,C00057,SKU012,1,104.88,0.0,38.0,Ecom,CMP016
T0002375,2025-11-29,ST009,C00233,SKU016,1,129.02,0.0,48.0,Store,
T0002376,2025-11-29,ST005,C00193,SKU008,1,75.26,0.0,28.0,Store,
T0002377,2025-11-29,ST007,C00001,SKU013,1,89.42,0.0,40.5,Store,CMP010
T0002378,2025-11-29,ST015,C00266,SKU002,1,25.58,3.12,13.0,Store,
T0002379,2025-11-30,ST009,,SKU030,1,88.7,0.0,33.0,Store,
T0002380,2025-11-30,ST017,C00161,SKU044,1,46.22,2.16,18.0,Store,
T0002381,2025-11-30,ST006,C00108,SKU026,1,43.06,5.52,23.0,Store,
T0002382,2025-11-30,ST009,C00255,SKU012,1,102.14,0.0,38.0,Store,CMP012
T0002383,2025-11-30,ST001,,SKU027,1,62.42,6.12,25.5,Store,CMP020
T0002384,2025-11-30,ST012,C00081,SKU037,1,139.38,0.0,50.5,Ecom,CMP011
T0002385,2025-11-30,ST014,,SKU014,1,90.82,0.0,43.0,Store,
T0002386,2025-11-30,ST013,C00238,SKU015,1,122.3,0.0,45.5,Store,
T0002387,2025-11-30,ST020,C00093,SKU047,1,67.32,3.06,25.5,Store,CMP022
T0002388,2025-11-30,ST017,C00283,SKU002,1,34.94,0.0,13.0,Store,CMP004
T0002389,2025-12-01,ST018,C00023,SKU049,1,57.1,7.32,30.5,Store,
T0002390,2025-12-01,ST006,C00043,SKU005,1,43.3,0.0,20.5,Ecom,CMP006
T0002391,2025-12-01,ST012,C00058,SKU048,2,141.12,13.44,56.0,Store,CMP014
T0002392,2025-12-01,ST018,C00153,SKU032,2,160.51,0.0,76.0,Store,
T0002393,2025-12-01,ST011,C00030,SKU017,1,111.5,0.0,50.5,Ecom,
T0002394,2025-12-01,ST001,C00091,SKU003,1,37.94,3.72,15.5,Store,
T0002395,2025-12-02,ST017,C00161,SKU031,1,91.16,4.26,35.5,Store,
T0002396,2025-12-02,ST013,C00061,SKU048,1,75.26,0.0,28.0,Store,CMP022
T0002397,2025-12-02,ST020,C00224,SKU010,2,182.16,0.0,66.0,Store,CMP006
T0002398,2025-12-02,ST003,C00130,SKU003,1,34.22,0.0,15.5,Store,
T0002399,2025-12-02,ST017,C00058,SKU037,1,123.62,12.12,50.5,Ecom,
T0002400,2025-12-02,ST014,C00143,SKU038,1,99.22,12.72,53.0,Store,CMP006
T0002401,2025-12-03,ST007,C00011,SKU008,1,58.46,3.36,28.0,Store,
T0002402,2025-12-03,ST006,,SKU046,1,48.58,0.0,23.0,Store,
T0002403,2025-12-03,ST007,C00050,SKU035,1,100.46,0.0,45.5,Store,
T0002404,2025-12-03,ST008,C00282,SKU034,2,237.36,0.0,86.0,Store,
T0002405,2025-12-03,ST014,C00290,SKU040,2,33.79,0.0,16.0,Store,CMP013
T0002406,2025-12-03,ST014,C00224,SKU011,3,224.93,0.0,106.5,Ecom,CMP018
T0002407,2025-12-04,ST007,C00198,SKU033,1,89.42,0.0,40.5,Store,CMP016
T0002408,2025-12-04,ST003,C00059,SKU033,2,159.41,19.44,81.0,Ecom,
T0002409,2025-12-04,ST013,C00054,SKU012,1,93.02,9.12,38.0,Ecom,
T0002410,2025-12-04,ST001,C00259,SKU005,2,110.21,0.0,41.0,Store,
T0002411,2025-12-04,ST005,C00261,SKU007,2,137.09,0.0,51.0,Store,
T0002412,2025-12-04,ST020,C00271,SKU047,1,70.38,0.0,25.5,Ecom,
T0002413,2025-12-05,ST016,,SKU025,1,56.58,0.0,20.5,Store,
T0002414,2025-12-05,ST018,,SKU034,1,90.82,0.0,43.0,Store,CMP003
T0002415,2025-12-05,ST015,C00210,SKU039,1,109.22,13.32,55.5,Store,
T0002416,2025-12-05,ST019,C00274,SKU027,1,50.18,6.12,25.5,Store,
T0002417,2025-12-05,ST016,C00009,SKU012,3,314.64,0.0,114.0,Store,
T0002418,2025-12-05,ST013,C00088,SKU035,1,122.3,0.0,45.5,Store,
T0002419,2025-12-06,ST011,C00260,SKU029,1,67.34,0.0,30.5,Store,
T0002420,2025-12-06,ST009,C00005,SKU043,2,83.33,0.0,31.0,Store,
T0002421,2025-12-06,ST020,C00244,SKU002,1,32.76,3.12,13.0,Store,
T0002422,2025-12-06,ST010,C00294,SKU005,1,40.84,2.46,20.5,Store,CMP001
T0002423,2025-12-06,ST020,C00255,SKU030,1,91.08,0.0,33.0,Ecom,
T0002424,2025-12-06,ST010,C00261,SKU026,1,43.06,5.52,23.0,Ecom,
T0002425,2025-12-06,ST004,C00148,SKU027,2,128.52,12.24,51.0,Store,
T0002426,2025-12-06,ST013,C00274,SKU047,1,65.48,3.06,25.5,Store,
T0002427,2025-12-06,ST001,C00006,SKU017,2,271.49,0.0,101.0,Store,
T0002428,2025-12-06,ST013,C00088,SKU001,1,28.22,0.0,10.5,Ecom,CMP005
T0002429,2025-12-07,ST002,C00284,SKU026,1,48.58,0.0,23.0,Store,CMP018
T0002430,2025-12-07,ST018,C00054,SKU017,2,213.31,0.0,101.0,Store,
T0002431,2025-12-07,ST018,C00022,SKU013,1,85.54,0.0,40.5,Store,
T0002432,2025-12-07,ST008,C00243,SKU040,1,22.08,0.0,8.0,Store,
T0002433,2025-12-07,ST008,C00229,SKU001,2,57.96,0.0,21.0,Store,CMP007
T0002434,2025-12-07,ST012,C00207,SKU047,1,64.26,6.12,25.5,Store,
T0002435,2025-12-07,ST012,C00286,SKU025,1,51.66,4.92,20.5,Ecom,CMP015
T0002436,2025-12-07,ST010,C00027,SKU028,1,55.78,3.36,28.0,Ecom,
T0002437,2025-12-07,ST004,C00213,SKU034,2,237.36,0.0,86.0,Ecom,CMP021
T0002438,2025-12-07,ST014,C00063,SKU024,1,38.02,0.0,18.0,Store,
T0002439,2025-12-08,ST009,C00023,SKU009,1,81.98,0.0,30.5,Ecom,
T0002440,2025-12-08,ST018,C00192,SKU026,1,48.58,0.0,23.0,Ecom,
T0002441,2025-12-08,ST005,C00177,SKU008,1,71.9,3.36,28.0,Store,
T0002442,2025-12-08,ST014,C00093,SKU050,1,69.7,0.0,33.0,Store,
T0002443,2025-12-08,ST010,C00133,SKU029,1,60.76,3.66,30.5,Store,
T0002444,2025-12-08,ST010,C00191,SKU044,1,33.7,4.32,18.0,Store,
T0002445,2025-12-09,ST008,C00004,SKU035,1,125.58,0.0,45.5,Store,
T0002446,2025-12-09,ST012,,SKU014,2,216.72,20.64,86.0,Store,CMP024
T0002447,2025-12-09,ST005,C00047,SKU043,3,124.99,0.0,46.5,Ecom,
T0002448,2025-12-09,ST008,C00238,SKU050,1,87.12,3.96,33.0,Store,
T0002449,2025-12-09,ST018,C00178,SKU047,1,53.86,0.0,25.5,Store,
T0002450,2025-12-09,ST019,C00178,SKU043,1,34.22,0.0,15.5,Ecom,CMP004
T0002451,2025-12-10,ST011,C00044,SKU032,1,83.9,0.0,38.0,Store,
T0002452,2025-12-10,ST002,C00048,SKU024,1,35.86,2.16,18.0,Store,
T0002453,2025-12-10,ST012,C00073,SKU041,1,26.46,2.52,10.5,Ecom,
T0002454,2025-12-10,ST010,C00237,SKU008,1,52.42,6.72,28.0,Ecom,
T0002455,2025-12-10,ST019,C00149,SKU030,2,129.89,15.84,66.0,Store,CMP011
T0002456,2025-12-10,ST017,,SKU035,1,111.38,10.92,45.5,Ecom,CMP003
T0002457,2025-12-11,ST003,C00267,SKU045,2,90.53,0.0,41.0,Store,
T0002458,2025-12-11,ST016,C00090,SKU033,2,204.12,19.44,81.0,Store,CMP006
T0002459,2025-12-11,ST016,,SKU013,2,213.84,9.72,81.0,Store,CMP022
T0002460,2025-12-11,ST006,C00157,SKU008,1,59.14,0.0,28.0,Ecom,
T0002461,2025-12-11,ST016,,SKU033,1,111.78,0.0,40.5,Store,
T0002462,2025-12-11,ST007,C00196,SKU019,1,115.88,6.66,55.5,Store,
T0002463,2025-12-12,ST006,C00034,SKU038,3,335.81,0.0,159.0,Store,CMP013
T0002464,2025-12-12,ST020,C00193,SKU037,1,133.32,6.06,50.5,Store,CMP011
T0002465,2025-12-12,ST019,C00015,SKU037,1,111.5,0.0,50.5,Store,CMP020
T0002466,2025-12-12,ST016,C00273,SKU015,2,251.16,0.0,91.0,Store,CMP023
T0002467,2025-12-12,ST020,C00149,SKU027,2,140.76,0.0,51.0,Store,
T0002468,2025-12-12,ST017,C00235,SKU050,1,84.74,3.96,33.0,Ecom,CMP012
T0002469,2025-12-13,ST016,C00293,SKU022,1,32.76,3.12,13.0,Ecom,CMP017
T0002470,2025-12-13,ST019,C00037,SKU004,1,35.42,4.32,18.0,Store,
T0002471,2025-12-13,ST003,C00277,SKU009,1,60.02,7.32,30.5,Store,
T0002472,2025-12-13,ST003,,SKU030,1,64.94,7.92,33.0,Ecom,
T0002473,2025-12-13,ST009,C00137,SKU022,2,69.89,0.0,26.0,Ecom,
T0002474,2025-12-13,ST006,C00268,SKU034,1,90.82,0.0,43.0,Store,
T0002475,2025-12-13,ST007,C00223,SKU034,2,189.89,0.0,86.0,Store,
T0002476,2025-12-13,ST020,C00041,SKU032,1,104.88,0.0,38.0,Ecom,
T0002477,2025-12-13,ST001,C00294,SKU048,1,75.26,0.0,28.0,Store,
T0002478,2025-12-13,ST019,C00076,SKU004,1,37.58,2.16,18.0,Store,
T0002479,2025-12-14,ST008,,SKU024,2,99.36,0.0,36.0,Store,
T0002480,2025-12-14,ST001,C00007,SKU049,2,163.97,0.0,61.0,Store,CMP022
T0002481,2025-12-14,ST004,C00300,SKU008,1,77.28,0.0,28.0,Store,
T0002482,2025-12-14,ST019,C00162,SKU031,1,78.38,0.0,35.5,Store,
T0002483,2025-12-14,ST002,C00274,SKU045,2,76.75,9.84,41.0,Store,
T0002484,2025-12-14,ST011,C00154,SKU004,1,37.58,2.16,18.0,Ecom,CMP003
T0002485,2025-12-14,ST017,C00206,SKU032,1,97.58,4.56,38.0,Store,CMP023
T0002486,2025-12-14,ST020,C00108,SKU026,1,57.96,5.52,23.0,Store,CMP001
T0002487,2025-12-14,ST018,C00221,SKU021,1,22.18,0.0,10.5,Store,
T0002488,2025-12-14,ST011,C00123,SKU025,1,40.34,4.92,20.5,Ecom,CMP012
T0002489,2025-12-15,ST004,C00127,SKU007,1,64.26,6.12,25.5,Ecom,CMP005
T0002490,2025-12-15,ST008,C00234,SKU031,1,97.98,0.0,35.5,Store,
T0002491,2025-12-15,ST013,,SKU027,2,137.09,0.0,51.0,Store,CMP003
T0002492,2025-12-15,ST009,,SKU017,2,259.37,12.12,101.0,Store,CMP004
T0002493,2025-12-15,ST015,C00105,SKU021,1,23.18,0.0,10.5,Store,
T0002494,2025-12-15,ST012,,SKU008,1,70.56,6.72,28.0,Ecom,CMP016
T0002495,2025-12-16,ST001,C00215,SKU017,1,135.74,0.0,50.5,Store,
T0002496,2025-12-16,ST004,C00139,SKU017,1,127.26,12.12,50.5,Store,
T0002497,2025-12-16,ST011,C00295,SKU014,1,94.94,0.0,43.0,Store,
T0002498,2025-12-16,ST020,C00002,SKU041,1,28.98,0.0,10.5,Ecom,
T0002499,2025-12-16,ST009,C00139,SKU040,2,43.01,0.0,16.0,Store,CMP023
T0002500,2025-12-16,ST011,C00233,SKU035,1,95.0,5.46,45.5,Ecom,CMP009
T0002501,2025-12-17,ST001,C00284,SKU042,3,104.83,0.0,39.0,Ecom,
T0002502,2025-12-17,ST009,C00018,SKU050,1,88.7,0.0,33.0,Ecom,
T0002503,2025-12-17,ST003,C00281,SKU033,1,89.42,0.0,40.5,Store,
T0002504,2025-12-17,ST008,C00244,SKU014,1,118.68,0.0,43.0,Store,CMP023
T0002505,2025-12-17,ST001,C00179,SKU040,1,20.54,0.96,8.0,Store,
T0002506,2025-12-17,ST005,C00136,SKU026,2,123.65,0.0,46.0,Store,
T0002507,2025-12-18,ST006,C00018,SKU015,2,192.19,0.0,91.0,Store,
T0002508,2025-12-18,ST009,C00011,SKU049,1,78.32,3.66,30.5,Ecom,
T0002509,2025-12-18,ST009,C00082,SKU007,1,68.54,0.0,25.5,Store,
T0002510,2025-12-18,ST002,C00159,SKU040,1,16.9,0.0,8.0,Store,CMP009
T0002511,2025-12-18,ST015,C00286,SKU002,1,27.14,1.56,13.0,Ecom,
T0002512,2025-12-18,ST019,C00091,SKU027,1,53.24,3.06,25.5,Ecom,
T0002513,2025-12-19,ST006,,SKU019,2,234.43,0.0,111.0,Store,CMP004
T0002514,2025-12-19,ST020,,SKU004,1,45.36,4.32,18.0,Store,
T0002515,2025-12-19,ST007,C00077,SKU004,1,37.58,2.16,18.0,Store,
T0002516,2025-12-19,ST005,,SKU050,1,88.7,0.0,33.0,Ecom,
T0002517,2025-12-19,ST005,C00101,SKU005,1,50.18,4.92,20.5,Store,
T0002518,2025-12-19,ST015,C00016,SKU031,1,74.12,4.26,35.5,Ecom,CMP011
T0002519,2025-12-20,ST019,,SKU001,1,20.66,2.52,10.5,Store,
T0002520,2025-12-20,ST002,C00083,SKU042,1,27.46,0.0,13.0,Store,
T0002521,2025-12-20,ST002,C00039,SKU048,1,55.78,3.36,28.0,Store,CMP004
T0002522,2025-12-20,ST009,C00144,SKU021,2,56.45,0.0,21.0,Store,
T0002523,2025-12-20,ST006,C00036,SKU036,1,101.38,0.0,48.0,Store,
T0002524,2025-12-20,ST014,C00075,SKU004,2,76.03,0.0,36.0,Ecom,
T0002525,2025-12-20,ST005,C00048,SKU012,1,102.14,0.0,38.0,Store,CMP006
T0002526,2025-12-20,ST019,C00073,SKU018,3,351.07,0.0,159.0,Store,
T0002527,2025-12-20,ST015,C00193,SKU031,1,78.38,0.0,35.5,Store,
T0002528,2025-12-20,ST012,,SKU021,3,83.16,3.78,31.5,Store,
T0002529,2025-12-21,ST020,C00013,SKU020,3,66.24,0.0,24.0,Ecom,CMP012
T0002530,2025-12-21,ST012,C00058,SKU038,1,146.28,0.0,53.0,Store,CMP019
T0002531,2025-12-21,ST011,C00047,SKU035,1,95.0,5.46,45.5,Store,
T0002532,2025-12-21,ST010,C00275,SKU047,2,107.71,0.0,51.0,Store,
T0002533,2025-12-21,ST017,C00110,SKU044,1,48.38,0.0,18.0,Store,
T0002534,2025-12-21,ST009,C00013,SKU020,1,21.5,0.0,8.0,Store,
T0002535,2025-12-21,ST003,,SKU037,1,111.5,0.0,50.5,Store,
T0002536,2025-12-21,ST003,C00026,SKU028,1,55.1,6.72,28.0,Ecom,
T0002537,2025-12-21,ST007,C00066,SKU026,2,101.57,0.0,46.0,Store,
T0002538,2025-12-21,ST009,C00230,SKU033,3,326.59,0.0,121.5,Store,
T0002539,2025-12-22,ST019,C00141,SKU034,1,94.94,0.0,43.0,Store,
T0002540,2025-12-22,ST003,C00252,SKU011,1,78.38,0.0,35.5,Store,
T0002541,2025-12-22,ST011,C00112,SKU001,1,23.18,0.0,10.5,Store,CMP017
T0002542,2025-12-22,ST010,C00207,SKU048,1,52.42,6.72,28.0,Store,CMP001
T0002543,2025-12-22,ST017,C00291,SKU037,3,407.23,0.0,151.5,Ecom,CMP013
T0002544,2025-12-22,ST001,C00048,SKU038,1,142.46,0.0,53.0,Store,
T0002545,2025-12-23,ST016,C00298,SKU013,1,102.06,9.72,40.5,Ecom,
T0002546,2025-12-23,ST020,C00278,SKU003,2,85.56,0.0,31.0,Ecom,
T0002547,2025-12-23,ST003,C00133,SKU036,1,105.98,0.0,48.0,Ecom,CMP020
T0002548,2025-12-23,ST019,C00113,SKU033,1,89.42,0.0,40.5,Ecom,
T0002549,2025-12-23,ST008,,SKU029,1,84.18,0.0,30.5,Store,
T0002550,2025-12-23,ST018,C00133,SKU042,1,27.46,0.0,13.0,Ecom,
T0002551,2025-12-24,ST010,C00097,SKU010,1,69.7,0.0,33.0,Store,CMP007
T0002552,2025-12-24,ST008,C00016,SKU018,1,139.92,6.36,53.0,Store,
T0002553,2025-12-24,ST009,C00140,SKU019,2,285.05,13.32,111.0,Store,
T0002554,2025-12-24,ST004,C00137,SKU004,2,99.36,0.0,36.0,Store,
T0002555,2025-12-24,ST018,C00078,SKU006,3,145.73,0.0,69.0,Store,
T0002556,2025-12-24,ST010,C00201,SKU001,1,19.66,2.52,10.5,Ecom,
T0002557,2025-12-25,ST016,C00070,SKU017,1,139.38,0.0,50.5,Store,
T0002558,2025-12-25,ST010,C00114,SKU011,1,70.72,4.26,35.5,Store,CMP010
T0002559,2025-12-25,ST020,C00287,SKU007,3,192.78,18.36,76.5,Store,
T0002560,2025-12-25,ST004,C00036,SKU044,1,49.68,0.0,18.0,Store,
T0002561,2025-12-25,ST013,C00032,SKU008,1,75.26,0.0,28.0,Store,CMP009
T0002562,2025-12-25,ST001,,SKU004,1,44.06,4.32,18.0,Store,CMP003
T0002563,2025-12-26,ST006,C00066,SKU013,1,80.68,4.86,40.5,Store,CMP003
T0002564,2025-12-26,ST009,C00006,SKU035,1,116.84,5.46,45.5,Store,
T0002565,2025-12-26,ST009,C00024,SKU020,3,64.51,0.0,24.0,Ecom,
T0002566,2025-12-26,ST015,C00154,SKU027,1,56.3,0.0,25.5,Store,CMP003
T0002567,2025-12-26,ST001,C00105,SKU024,3,145.15,0.0,54.0,Store,
T0002568,2025-12-26,ST008,C00216,SKU023,1,40.92,1.86,15.5,Store,
T0002569,2025-12-27,ST011,,SKU049,1,63.68,3.66,30.5,Store,
T0002570,2025-12-27,ST015,C00215,SKU001,2,43.85,2.52,21.0,Ecom,
T0002571,2025-12-27,ST013,C00142,SKU010,3,242.35,23.76,99.0,Ecom,
T0002572,2025-12-27,ST014,C00139,SKU035,2,192.19,0.0,91.0,Ecom,
T0002573,2025-12-27,ST006,,SKU038,1,111.94,0.0,53.0,Ecom,CMP004
T0002574,2025-12-27,ST010,C00155,SKU033,3,256.61,0.0,121.5,Ecom,CMP009
T0002575,2025-12-27,ST010,C00215,SKU004,2,71.71,4.32,36.0,Ecom,
T0002576,2025-12-27,ST005,C00222,SKU006,2,112.61,11.04,46.0,Store,
T0002577,2025-12-27,ST012,C00089,SKU017,1,133.32,6.06,50.5,Store,
T0002578,2025-12-27,ST010,C00064,SKU042,1,24.34,3.12,13.0,Store,
T0002579,2025-12-28,ST018,C00238,SKU006,1,45.82,2.76,23.0,Store,CMP008
T0002580,2025-12-28,ST019,C00258,SKU019,2,245.09,0.0,111.0,Store,
T0002581,2025-12-28,ST014,,SKU035,1,96.1,0.0,45.5,Store,
T0002582,2025-12-28,ST004,C00094,SKU007,1,70.38,0.0,25.5,Store,
T0002583,2025-12-28,ST009,C00096,SKU006,1,61.82,0.0,23.0,Store,CMP013
T0002584,2025-12-28,ST020,C00218,SKU048,1,77.28,0.0,28.0,Store,
T0002585,2025-12-28,ST017,,SKU025,1,55.1,0.0,20.5,Store,CMP023
T0002586,2025-12-28,ST020,C00026,SKU029,1,84.18,0.0,30.5,Store,CMP001
T0002587,2025-12-28,ST016,C00255,SKU008,2,141.12,13.44,56.0,Ecom,
T0002588,2025-12-28,ST018,,SKU027,2,101.59,6.12,51.0,Store,
T0002589,2025-12-29,ST012,C00027,SKU044,2,99.36,0.0,36.0,Store,CMP021
T0002590,2025-12-29,ST015,C00187,SKU034,3,284.83,0.0,129.0,Store,CMP015
T0002591,2025-12-29,ST011,C00062,SKU034,1,94.94,0.0,43.0,Store,
T0002592,2025-12-29,ST015,C00242,SKU034,1,89.78,5.16,43.0,Store,
T0002593,2025-12-29,ST008,,SKU030,1,87.12,3.96,33.0,Store,CMP023
T0002594,2025-12-29,ST020,C00080,SKU031,1,97.98,0.0,35.5,Ecom,
T0002595,2025-12-30,ST019,C00129,SKU041,1,23.18,0.0,10.5,Store,
T0002596,2025-12-30,ST008,C00215,SKU003,1,42.78,0.0,15.5,Store,
T0002597,2025-12-30,ST010,,SKU036,2,179.71,23.04,96.0,Store,
T0002598,2025-12-30,ST017,,SKU003,1,41.66,0.0,15.5,Store,CMP005
T0002599,2025-12-30,ST013,C00063,SKU012,1,102.14,0.0,38.0,Store,
T0002600,2025-12-30,ST013,C00234,SKU036,1,123.26,5.76,48.0,Store,CMP015
T0002601,2025-12-31,ST012,C00061,SKU005,1,56.58,0.0,20.5,Ecom,
T0002602,2025-12-31,ST005,C00060,SKU006,2,123.65,0.0,46.0,Store,
T0002603,2025-12-31,ST001,C00112,SKU031,1,95.42,0.0,35.5,Ecom,
T0002604,2025-12-31,ST017,C00081,SKU050,1,88.7,0.0,33.0,Store,
T0002605,2025-12-31,ST020,C00296,SKU035,1,114.66,10.92,45.5,Store,
T0002606,2025-12-31,ST008,,SKU002,2,68.64,3.12,26.0,Ecom,
T0002607,2026-01-01,ST001,C00024,SKU021,1,28.22,0.0,10.5,Store,
T0002608,2026-01-01,ST012,C00282,SKU049,3,252.54,0.0,91.5,Ecom,
T0002609,2026-01-01,ST008,C00169,SKU043,1,39.06,3.72,15.5,Store,CMP001
T0002610,2026-01-01,ST004,C00256,SKU049,1,84.18,0.0,30.5,Ecom,
T0002611,2026-01-01,ST019,C00063,SKU028,1,61.82,0.0,28.0,Store,
T0002612,2026-01-01,ST004,C00040,SKU009,2,161.04,7.32,61.0,Store,
T0002613,2026-01-02,ST008,C00289,SKU038,1,146.28,0.0,53.0,Store,
T0002614,2026-01-02,ST013,,SKU041,1,25.7,2.52,10.5,Store,
T0002615,2026-01-02,ST013,C00150,SKU002,1,34.94,0.0,13.0,Store,
T0002616,2026-01-02,ST015,C00184,SKU030,1,72.86,0.0,33.0,Store,CMP007
T0002617,2026-01-02,ST017,C00197,SKU030,2,169.49,7.92,66.0,Store,
T0002618,2026-01-02,ST008,C00032,SKU031,1,93.72,4.26,35.5,Ecom,
T0002619,2026-01-03,ST017,C00227,SKU002,1,34.94,0.0,13.0,Store,
T0002620,2026-01-03,ST011,C00093,SKU046,1,50.78,0.0,23.0,Store,
T0002621,2026-01-03,ST013,C00076,SKU044,2,96.77,0.0,36.0,Ecom,
T0002622,2026-01-03,ST002,C00129,SKU029,1,60.76,3.66,30.5,Store,
T0002623,2026-01-03,ST007,C00035,SKU010,2,145.73,0.0,66.0,Store,
T0002624,2026-01-03,ST018,C00071,SKU026,1,48.58,0.0,23.0,Store,CMP017
T0002625,2026-01-03,ST017,C00209,SKU031,2,190.85,0.0,71.0,Store,
T0002626,2026-01-03,ST017,C00120,SKU026,1,61.82,0.0,23.0,Ecom,
T0002627,2026-01-03,ST009,C00014,SKU001,1,25.7,2.52,10.5,Store,
T0002628,2026-01-03,ST019,C00168,SKU027,1,53.24,3.06,25.5,Store,
T0002629,2026-01-04,ST001,C00165,SKU021,1,28.22,0.0,10.5,Store,
T0002630,2026-01-04,ST015,C00177,SKU032,1,79.34,4.56,38.0,Store,
T0002631,2026-01-04,ST001,C00270,SKU016,1,129.02,0.0,48.0,Ecom,
T0002632,2026-01-04,ST005,C00093,SKU030,1,88.7,0.0,33.0,Store,CMP021
T0002633,2026-01-04,ST004,C00238,SKU007,2,134.64,6.12,51.0,Store,
T0002634,2026-01-04,ST016,C00030,SKU007,2,140.76,0.0,51.0,Store,
T0002635,2026-01-04,ST004,C00283,SKU019,1,139.86,13.32,55.5,Store,CMP012
T0002636,2026-01-04,ST004,C00005,SKU028,1,77.28,0.0,28.0,Ecom,CMP006
T0002637,2026-01-04,ST019,,SKU036,3,317.95,0.0,144.0,Store,CMP013
T0002638,2026-01-04,ST003,C00013,SKU004,2,75.17,4.32,36.0,Ecom,
T0002639,2026-01-05,ST001,C00042,SKU014,1,115.58,0.0,43.0,Ecom,
T0002640,2026-01-05,ST011,,SKU044,1,35.42,4.32,18.0,Store,CMP006
T0002641,2026-01-05,ST015,C00144,SKU012,1,83.9,0.0,38.0,Ecom,
T0002642,2026-01-05,ST015,C00228,SKU011,1,78.38,0.0,35.5,Store,
T0002643,2026-01-05,ST008,,SKU037,1,139.38,0.0,50.5,Ecom,CMP006
T0002644,2026-01-05,ST020,C00282,SKU047,1,64.26,6.12,25.5,Store,CMP020
T0002645,2026-01-06,ST015,C00253,SKU045,1,45.26,0.0,20.5,Store,CMP019
T0002646,2026-01-06,ST013,C00025,SKU015,1,111.38,10.92,45.5,Store,
T0002647,2026-01-06,ST014,C00203,SKU046,1,48.58,0.0,23.0,Store,
T0002648,2026-01-06,ST010,C00251,SKU023,1,29.02,3.72,15.5,Store,
T0002649,2026-01-06,ST001,C00223,SKU033,1,108.86,0.0,40.5,Store,
T0002650,2026-01-06,ST012,C00012,SKU049,1,76.86,7.32,30.5,Ecom,CMP023
T0002651,2026-01-07,ST019,C00085,SKU011,1,78.38,0.0,35.5,Ecom,
T0002652,2026-01-07,ST010,C00144,SKU016,1,89.86,11.52,48.0,Store,
T0002653,2026-01-07,ST006,C00099,SKU011,1,74.98,0.0,35.5,Store,CMP006
T0002654,2026-01-07,ST003,C00192,SKU003,2,68.45,0.0,31.0,Ecom,
T0002655,2026-01-07,ST004,C00116,SKU040,3,66.24,0.0,24.0,Store,
T0002656,2026-01-07,ST002,C00298,SKU015,1,85.18,10.92,45.5,Store,
T0002657,2026-01-08,ST007,C00126,SKU040,1,17.66,0.0,8.0,Store,
T0002658,2026-01-08,ST006,C00004,SKU038,2,223.87,0.0,106.0,Ecom,
T0002659,2026-01-08,ST018,C00065,SKU042,2,54.91,0.0,26.0,Store,
T0002660,2026-01-08,ST019,C00171,SKU004,2,75.17,4.32,36.0,Ecom,
T0002661,2026-01-08,ST020,C00029,SKU040,1,22.08,0.0,8.0,Store,
T0002662,2026-01-08,ST003,C00191,SKU031,1,78.38,0.0,35.5,Store,
T0002663,2026-01-09,ST020,C00048,SKU050,1,87.12,3.96,33.0,Ecom,
T0002664,2026-01-09,ST004,C00203,SKU038,1,146.28,0.0,53.0,Store,CMP012
T0002665,2026-01-09,ST013,C00141,SKU009,1,81.98,0.0,30.5,Store,
T0002666,2026-01-09,ST013,C00073,SKU017,2,247.25,24.24,101.0,Store,
T0002667,2026-01-09,ST008,,SKU002,1,32.76,3.12,13.0,Store,
T0002668,2026-01-09,ST005,,SKU018,1,142.46,0.0,53.0,Store,CMP023
T0002669,2026-01-10,ST011,,SKU023,1,34.22,0.0,15.5,Store,
T0002670,2026-01-10,ST019,,SKU041,1,23.18,0.0,10.5,Store,
T0002671,2026-01-10,ST019,C00134,SKU030,1,72.86,0.0,33.0,Ecom,
T0002672,2026-01-10,ST005,C00257,SKU010,1,88.7,0.0,33.0,Store,
T0002673,2026-01-10,ST018,C00004,SKU008,1,52.42,6.72,28.0,Store,
T0002674,2026-01-10,ST016,C00295,SKU041,1,28.98,0.0,10.5,Ecom,
T0002675,2026-01-10,ST019,C00221,SKU038,1,117.02,0.0,53.0,Ecom,
T0002676,2026-01-10,ST006,C00278,SKU022,1,25.9,1.56,13.0,Store,CMP017
T0002677,2026-01-10,ST017,C00272,SKU023,1,37.94,3.72,15.5,Store,CMP011
T0002678,2026-01-10,ST016,C00089,SKU009,1,76.86,7.32,30.5,Store,CMP016
T0002679,2026-01-11,ST019,C00157,SKU050,3,218.59,0.0,99.0,Store,
T0002680,2026-01-11,ST019,C00082,SKU026,1,50.78,0.0,23.0,Store,CMP004
T0002681,2026-01-11,ST012,C00208,SKU047,1,70.38,0.0,25.5,Store,
T0002682,2026-01-11,ST007,C00093,SKU038,1,117.02,0.0,53.0,Store,
T0002683,2026-01-11,ST006,C00045,SKU016,1,89.86,11.52,48.0,Ecom,CMP001
T0002684,2026-01-11,ST020,C00202,SKU045,1,54.12,2.46,20.5,Store,CMP014
T0002685,2026-01-11,ST009,C00027,SKU022,3,104.83,0.0,39.0,Store,
T0002686,2026-01-11,ST016,C00010,SKU019,2,279.72,26.64,111.0,Ecom,CMP024
T0002687,2026-01-11,ST019,C00103,SKU015,1,100.46,0.0,45.5,Ecom,CMP010
T0002688,2026-01-11,ST003,C00114,SKU006,1,50.78,0.0,23.0,Store,
T0002689,2026-01-12,ST001,C00249,SKU034,1,115.58,0.0,43.0,Store,
T0002690,2026-01-12,ST014,C00224,SKU004,2,71.71,4.32,36.0,Store,
T0002691,2026-01-12,ST012,,SKU001,1,27.72,1.26,10.5,Store,CMP009
T0002692,2026-01-12,ST015,C00115,SKU028,1,61.82,0.0,28.0,Ecom,
T0002693,2026-01-12,ST014,,SKU008,3,157.25,20.16,84.0,Store,CMP023
T0002694,2026-01-12,ST014,C00103,SKU020,2,31.87,1.92,16.0,Ecom,
T0002695,2026-01-13,ST010,C00101,SKU008,1,55.78,3.36,28.0,Ecom,
T0002696,2026-01-13,ST017,C00216,SKU024,2,96.77,0.0,36.0,Store,
T0002697,2026-01-13,ST009,C00024,SKU039,2,285.05,13.32,111.0,Store,
T0002698,2026-01-13,ST011,C00226,SKU007,1,56.3,0.0,25.5,Store,
T0002699,2026-01-13,ST020,C00154,SKU037,1,139.38,0.0,50.5,Store,
T0002700,2026-01-13,ST008,C00137,SKU029,1,80.52,3.66,30.5,Store,CMP009
T0002701,2026-01-14,ST011,C00200,SKU013,1,84.56,4.86,40.5,Ecom,
T0002702,2026-01-14,ST006,C00275,SKU023,1,32.74,0.0,15.5,Ecom,
T0002703,2026-01-14,ST014,C00144,SKU036,1,101.38,0.0,48.0,Ecom,CMP014
T0002704,2026-01-14,ST009,C00002,SKU005,1,55.1,0.0,20.5,Store,
T0002705,2026-01-14,ST011,C00138,SKU031,1,74.12,4.26,35.5,Store,
T0002706,2026-01-14,ST019,,SKU039,2,218.45,26.64,111.0,Store,
T0002707,2026-01-15,ST003,C00026,SKU017,1,105.44,6.06,50.5,Store,
T0002708,2026-01-15,ST015,C00268,SKU033,1,89.42,0.0,40.5,Store,
T0002709,2026-01-15,ST013,C00232,SKU006,2,123.65,0.0,46.0,Store,
T0002710,2026-01-15,ST014,C00199,SKU030,2,131.47,7.92,66.0,Ecom,
T0002711,2026-01-15,ST003,C00045,SKU024,1,35.42,4.32,18.0,Store,
T0002712,2026-01-15,ST002,C00086,SKU010,1,69.7,0.0,33.0,Store,CMP017
T0002713,2026-01-16,ST002,C00288,SKU045,1,43.3,0.0,20.5,Store,
T0002714,2026-01-16,ST014,C00019,SKU003,1,32.74,0.0,15.5,Ecom,
T0002715,2026-01-16,ST019,C00014,SKU033,1,84.56,4.86,40.5,Store,
T0002716,2026-01-16,ST013,C00062,SKU031,1,95.42,0.0,35.5,Store,CMP006
T0002717,2026-01-16,ST016,C00042,SKU037,1,127.26,12.12,50.5,Store,
T0002718,2026-01-16,ST014,C00169,SKU022,1,27.46,0.0,13.0,Ecom,
T0002719,2026-01-17,ST019,C00087,SKU027,1,50.18,6.12,25.5,Store,
T0002720,2026-01-17,ST016,,SKU026,2,126.96,0.0,46.0,Ecom,
T0002721,2026-01-17,ST010,C00061,SKU037,1,106.66,0.0,50.5,Store,CMP018
T0002722,2026-01-17,ST003,C00227,SKU035,1,95.0,5.46,45.5,Ecom,CMP002
T0002723,2026-01-17,ST013,C00008,SKU049,1,74.66,7.32,30.5,Ecom,
T0002724,2026-01-17,ST017,,SKU040,3,58.75,5.76,24.0,Store,
T0002725,2026-01-17,ST018,C00166,SKU010,3,209.09,0.0,99.0,Store,
T0002726,2026-01-17,ST003,C00004,SKU030,1,72.86,0.0,33.0,Store,
T0002727,2026-01-17,ST019,C00106,SKU019,2,218.45,26.64,111.0,Ecom,
T0002728,2026-01-17,ST008,C00122,SKU006,3,190.44,0.0,69.0,Store,
T0002729,2026-01-18,ST001,C00290,SKU008,1,71.9,3.36,28.0,Ecom,
T0002730,2026-01-18,ST020,,SKU012,1,95.76,9.12,38.0,Store,
T0002731,2026-01-18,ST009,C00140,SKU039,1,135.86,13.32,55.5,Store,
T0002732,2026-01-18,ST008,C00039,SKU004,1,45.36,4.32,18.0,Store,CMP016
T0002733,2026-01-18,ST001,C00139,SKU025,1,55.1,0.0,20.5,Store,
T0002734,2026-01-18,ST019,C00027,SKU049,1,67.34,0.0,30.5,Store,
T0002735,2026-01-18,ST005,C00169,SKU042,1,33.38,1.56,13.0,Store,
T0002736,2026-01-18,ST002,C00212,SKU039,1,117.22,0.0,55.5,Store,
T0002737,2026-01-18,ST001,C00017,SKU033,1,108.86,0.0,40.5,Store,
T0002738,2026-01-18,ST017,C00213,SKU011,1,95.42,0.0,35.5,Ecom,
T0002739,2026-01-19,ST011,C00010,SKU049,1,60.02,7.32,30.5,Store,
T0002740,2026-01-19,ST011,C00240,SKU037,1,111.5,0.0,50.5,Store,CMP018
T0002741,2026-01-19,ST019,,SKU044,1,37.58,2.16,18.0,Store,
T0002742,2026-01-19,ST016,C00008,SKU026,1,57.96,5.52,23.0,Store,CMP001
T0002743,2026-01-19,ST004,,SKU030,2,182.16,0.0,66.0,Store,
T0002744,2026-01-19,ST009,C00167,SKU018,2,272.21,12.72,106.0,Store,
T0002745,2026-01-20,ST009,C00249,SKU022,2,69.89,0.0,26.0,Ecom,CMP024
T0002746,2026-01-20,ST005,C00192,SKU020,1,19.58,1.92,8.0,Ecom,CMP003
T0002747,2026-01-20,ST005,C00128,SKU015,1,111.38,10.92,45.5,Store,
T0002748,2026-01-20,ST013,,SKU046,1,59.06,2.76,23.0,Store,CMP010
T0002749,2026-01-20,ST011,C00158,SKU009,1,67.34,0.0,30.5,Store,CMP014
T0002750,2026-01-20,ST003,C00226,SKU045,2,90.53,0.0,41.0,Ecom,
T0002751,2026-01-21,ST013,C00262,SKU045,1,55.1,0.0,20.5,Store,
T0002752,2026-01-21,ST015,C00190,SKU032,1,79.34,4.56,38.0,Ecom,
T0002753,2026-01-21,ST005,C00196,SKU015,1,116.84,5.46,45.5,Store,
T0002754,2026-01-21,ST017,C00038,SKU027,1,62.42,6.12,25.5,Ecom,
T0002755,2026-01-21,ST006,C00132,SKU009,1,57.1,7.32,30.5,Store,
T0002756,2026-01-21,ST014,C00006,SKU037,1,100.6,6.06,50.5,Ecom,CMP015
T0002757,2026-01-22,ST019,C00097,SKU038,2,221.33,12.72,106.0,Store,
T0002758,2026-01-22,ST020,C00281,SKU043,1,42.78,0.0,15.5,Ecom,
T0002759,2026-01-22,ST013,C00254,SKU036,1,129.02,0.0,48.0,Ecom,
T0002760,2026-01-22,ST001,C00131,SKU020,1,21.5,0.0,8.0,Ecom,
T0002761,2026-01-22,ST009,C00049,SKU039,1,135.86,13.32,55.5,Store,
T0002762,2026-01-22,ST020,C00065,SKU006,1,63.48,0.0,23.0,Store,CMP003
T0002763,2026-01-23,ST002,C00239,SKU042,3,82.37,0.0,39.0,Ecom,
T0002764,2026-01-23,ST003,C00117,SKU020,2,35.33,0.0,16.0,Store,
T0002765,2026-01-23,ST007,,SKU020,1,15.74,1.92,8.0,Store,
T0002766,2026-01-23,ST018,C00277,SKU031,1,74.98,0.0,35.5,Store,
T0002767,2026-01-23,ST006,C00070,SKU048,1,59.14,0.0,28.0,Ecom,
T0002768,2026-01-23,ST005,C00120,SKU004,1,48.38,0.0,18.0,Ecom,CMP016
T0002769,2026-01-24,ST014,C00053,SKU039,1,117.22,0.0,55.5,Store,
T0002770,2026-01-24,ST005,C00280,SKU037,3,407.23,0.0,151.5,Ecom,
T0002771,2026-01-24,ST013,C00003,SKU035,1,122.3,0.0,45.5,Store,CMP001
T0002772,2026-01-24,ST014,,SKU027,1,47.74,6.12,25.5,Store,
T0002773,2026-01-24,ST010,C00158,SKU001,1,22.18,0.0,10.5,Store,
T0002774,2026-01-24,ST003,C00162,SKU043,2,68.45,0.0,31.0,Store,CMP016
T0002775,2026-01-24,ST007,C00255,SKU042,3,86.11,0.0,39.0,Store,CMP014
T0002776,2026-01-24,ST019,C00024,SKU049,1,67.34,0.0,30.5,Ecom,
T0002777,2026-01-24,ST019,C00102,SKU039,1,122.54,0.0,55.5,Store,CMP002
T0002778,2026-01-24,ST006,C00159,SKU019,1,110.56,6.66,55.5,Store,
T0002779,2026-01-25,ST009,C00228,SKU032,2,186.05,18.24,76.0,Store,
T0002780,2026-01-25,ST008,C00003,SKU021,1,27.72,1.26,10.5,Store,
T0002781,2026-01-25,ST020,C00018,SKU005,3,154.98,14.76,61.5,Ecom,
T0002782,2026-01-25,ST003,C00086,SKU031,2,139.73,17.04,71.0,Store,
T0002783,2026-01-25,ST013,C00019,SKU013,1,108.86,0.0,40.5,Store,
T0002784,2026-01-25,ST001,C00041,SKU023,2,83.33,0.0,31.0,Ecom,
T0002785,2026-01-25,ST009,C00201,SKU018,1,142.46,0.0,53.0,Store,
T0002786,2026-01-25,ST013,C00243,SKU004,1,48.38,0.0,18.0,Ecom,CMP008
T0002787,2026-01-25,ST001,C00160,SKU046,1,61.82,0.0,23.0,Ecom,
T0002788,2026-01-25,ST008,C00280,SKU039,1,153.18,0.0,55.5,Store,
T0002789,2026-01-26,ST007,C00083,SKU038,2,234.05,0.0,106.0,Ecom,CMP012
T0002790,2026-01-26,ST018,C00143,SKU036,1,101.38,0.0,48.0,Store,
T0002791,2026-01-26,ST001,C00081,SKU010,1,88.7,0.0,33.0,Store,CMP013
T0002792,2026-01-26,ST014,C00105,SKU046,2,97.15,0.0,46.0,Store,
T0002793,2026-01-26,ST002,C00240,SKU013,1,85.54,0.0,40.5,Store,
T0002794,2026-01-26,ST002,C00222,SKU049,1,57.1,7.32,30.5,Store,
T0002795,2026-01-27,ST016,C00022,SKU003,3,128.34,0.0,46.5,Store,
T0002796,2026-01-27,ST018,C00145,SKU047,2,107.71,0.0,51.0,Ecom,CMP022
T0002797,2026-01-27,ST005,C00050,SKU025,1,55.1,0.0,20.5,Store,
T0002798,2026-01-27,ST011,C00124,SKU011,1,78.38,0.0,35.5,Store,CMP021
T0002799,2026-01-27,ST010,C00082,SKU030,1,69.7,0.0,33.0,Store,CMP016
T0002800,2026-01-27,ST016,C00187,SKU031,2,195.96,0.0,71.0,Store,
T0002801,2026-01-28,ST002,C00071,SKU035,2,192.19,0.0,91.0,Store,CMP003
T0002802,2026-01-28,ST003,C00125,SKU040,1,16.7,0.96,8.0,Store,
T0002803,2026-01-28,ST013,C00209,SKU027,1,68.54,0.0,25.5,Store,
T0002804,2026-01-28,ST001,C00007,SKU024,1,46.22,2.16,18.0,Store,CMP018
T0002805,2026-01-28,ST005,C00285,SKU024,2,96.77,0.0,36.0,Store,CMP013
T0002806,2026-01-28,ST002,C00027,SKU022,1,27.46,0.0,13.0,Store,
T0002807,2026-01-29,ST001,,SKU024,2,96.77,0.0,36.0,Store,
T0002808,2026-01-29,ST001,C00062,SKU040,1,21.5,0.0,8.0,Store,
T0002809,2026-01-29,ST006,C00122,SKU004,1,38.02,0.0,18.0,Store,
T0002810,2026-01-29,ST009,C00103,SKU022,2,66.77,3.12,26.0,Store,
T0002811,2026-01-29,ST020,C00058,SKU024,1,49.68,0.0,18.0,Store,
T0002812,2026-01-29,ST020,C00023,SKU046,1,60.72,2.76,23.0,Ecom,
T0002813,2026-01-30,ST016,C00132,SKU019,2,279.72,26.64,111.0,Store,
T0002814,2026-01-30,ST010,C00145,SKU048,1,59.14,0.0,28.0,Store,CMP003
T0002815,2026-01-30,ST001,C00281,SKU041,1,28.22,0.0,10.5,Store,
T0002816,2026-01-30,ST010,C00204,SKU019,3,351.65,0.0,166.5,Store,
T0002817,2026-01-30,ST012,C00254,SKU010,1,87.12,3.96,33.0,Store,
T0002818,2026-01-30,ST014,C00072,SKU007,1,50.8,3.06,25.5,Store,CMP001
T0002819,2026-01-31,ST005,C00208,SKU049,1,81.98,0.0,30.5,Ecom,
T0002820,2026-01-31,ST012,C00037,SKU033,1,111.78,0.0,40.5,Store,
T0002821,2026-01-31,ST008,C00047,SKU044,1,49.68,0.0,18.0,Store,
T0002822,2026-01-31,ST017,C00192,SKU029,1,81.98,0.0,30.5,Store,
T0002823,2026-01-31,ST019,C00291,SKU021,1,21.92,1.26,10.5,Ecom,
T0002824,2026-01-31,ST012,,SKU014,2,227.04,10.32,86.0,Store,
T0002825,2026-01-31,ST015,C00041,SKU008,2,110.21,13.44,56.0,Store,
T0002826,2026-01-31,ST014,C00208,SKU048,1,55.78,3.36,28.0,Ecom,
T0002827,2026-01-31,ST018,C00166,SKU016,2,191.23,11.52,96.0,Store,CMP022
T0002828,2026-01-31,ST013,C00192,SKU036,1,129.02,0.0,48.0,Ecom,
T0002829,2026-02-01,ST016,C00046,SKU031,1,97.98,0.0,35.5,Ecom,
T0002830,2026-02-01,ST004,C00014,SKU037,1,133.32,6.06,50.5,Store,
T0002831,2026-02-01,ST005,C00246,SKU045,1,55.1,0.0,20.5,Store,CMP013
T0002832,2026-02-01,ST002,C00069,SKU012,1,80.26,0.0,38.0,Ecom,
T0002833,2026-02-01,ST015,C00096,SKU025,1,42.8,2.46,20.5,Store,
T0002834,2026-02-01,ST006,C00174,SKU015,1,96.1,0.0,45.5,Store,CMP022
T0002835,2026-02-01,ST019,C00001,SKU007,1,50.18,6.12,25.5,Store,CMP006
T0002836,2026-02-01,ST010,C00153,SKU009,1,64.42,0.0,30.5,Store,
T0002837,2026-02-01,ST020,C00248,SKU001,1,28.98,0.0,10.5,Store,
T0002838,2026-02-01,ST009,C00200,SKU045,1,52.64,2.46,20.5,Store,
T0002839,2026-02-02,ST020,,SKU040,1,22.08,0.0,8.0,Store,CMP001
T0002840,2026-02-02,ST013,C00110,SKU019,1,149.18,0.0,55.5,Store,
T0002841,2026-02-02,ST005,C00240,SKU009,1,81.98,0.0,30.5,Store,
T0002842,2026-02-02,ST017,C00204,SKU045,1,55.1,0.0,20.5,Store,
T0002843,2026-02-02,ST015,C00186,SKU001,1,21.92,1.26,10.5,Store,
T0002844,2026-02-02,ST011,C00156,SKU011,1,78.38,0.0,35.5,Store,CMP002
T0002845,2026-02-03,ST010,,SKU047,2,107.71,0.0,51.0,Ecom,CMP021
T0002846,2026-02-03,ST016,C00086,SKU049,1,80.52,3.66,30.5,Ecom,CMP019
T0002847,2026-02-03,ST014,,SKU011,1,70.72,4.26,35.5,Store,CMP017
T0002848,2026-02-03,ST012,C00207,SKU041,2,57.96,0.0,21.0,Ecom,
T0002849,2026-02-03,ST010,C00162,SKU037,1,94.54,12.12,50.5,Ecom,CMP017
T0002850,2026-02-03,ST019,C00249,SKU045,2,80.69,9.84,41.0,Ecom,
T0002851,2026-02-04,ST020,C00260,SKU005,1,51.66,4.92,20.5,Ecom,
T0002852,2026-02-04,ST011,C00107,SKU001,1,21.92,1.26,10.5,Store,
T0002853,2026-02-04,ST007,C00114,SKU009,3,202.03,0.0,91.5,Store,
T0002854,2026-02-04,ST004,C00300,SKU011,2,178.92,17.04,71.0,Store,
T0002855,2026-02-04,ST004,C00288,SKU022,3,107.64,0.0,39.0,Store,CMP001
T0002856,2026-02-04,ST006,C00084,SKU044,1,38.02,0.0,18.0,Ecom,
T0002857,2026-02-05,ST010,C00083,SKU032,1,75.7,4.56,38.0,Store,
T0002858,2026-02-05,ST003,C00270,SKU033,1,89.42,0.0,40.5,Store,CMP017
T0002859,2026-02-05,ST016,C00280,SKU004,3,149.04,0.0,54.0,Store,CMP017
T0002860,2026-02-05,ST003,C00131,SKU047,1,56.3,0.0,25.5,Store,
T0002861,2026-02-05,ST019,C00139,SKU039,1,122.54,0.0,55.5,Store,
T0002862,2026-02-05,ST020,C00199,SKU018,1,133.56,12.72,53.0,Ecom,CMP001
T0002863,2026-02-06,ST015,C00062,SKU010,1,64.94,7.92,33.0,Store,CMP005
T0002864,2026-02-06,ST013,C00051,SKU026,1,61.82,0.0,23.0,Ecom,
T0002865,2026-02-06,ST017,C00170,SKU027,1,62.42,6.12,25.5,Store,
T0002866,2026-02-06,ST012,C00089,SKU032,1,100.32,4.56,38.0,Store,CMP001
T0002867,2026-02-06,ST017,C00213,SKU029,2,163.97,0.0,61.0,Store,
T0002868,2026-02-06,ST003,C00131,SKU027,1,56.3,0.0,25.5,Ecom,CMP009
T0002869,2026-02-07,ST009,C00242,SKU005,3,165.31,0.0,61.5,Store,CMP007
T0002870,2026-02-07,ST014,C00009,SKU035,1,96.1,0.0,45.5,Ecom,
T0002871,2026-02-07,ST002,,SKU047,1,53.86,0.0,25.5,Store,
T0002872,2026-02-07,ST020,C00138,SKU020,1,22.08,0.0,8.0,Store,
T0002873,2026-02-07,ST006,C00171,SKU003,2,58.03,7.44,31.0,Store,
T0002874,2026-02-07,ST001,C00143,SKU039,2,298.37,0.0,111.0,Store,CMP019
T0002875,2026-02-07,ST014,,SKU041,1,19.66,2.52,10.5,Ecom,
T0002876,2026-02-07,ST019,C00140,SKU032,1,83.9,0.0,38.0,Store,
T0002877,2026-02-07,ST012,C00270,SKU025,1,56.58,0.0,20.5,Store,
T0002878,2026-02-07,ST012,C00252,SKU049,1,76.86,7.32,30.5,Store,
T0002879,2026-02-08,ST011,C00115,SKU032,1,83.9,0.0,38.0,Store,
T0002880,2026-02-08,ST018,C00222,SKU003,1,29.02,3.72,15.5,Store,CMP005
T0002881,2026-02-08,ST002,C00182,SKU015,2,170.35,21.84,91.0,Store,
T0002882,2026-02-08,ST017,C00009,SKU018,1,142.46,0.0,53.0,Store,CMP008
T0002883,2026-02-08,ST015,C00147,SKU043,1,32.36,1.86,15.5,Store,
T0002884,2026-02-08,ST004,C00263,SKU043,2,85.56,0.0,31.0,Store,
T0002885,2026-02-08,ST006,,SKU013,1,85.54,0.0,40.5,Store,
T0002886,2026-02-08,ST017,C00142,SKU026,1,59.06,2.76,23.0,Ecom,CMP021
T0002887,2026-02-08,ST006,,SKU028,1,52.42,6.72,28.0,Store,
T0002888,2026-02-08,ST009,C00247,SKU011,1,86.9,8.52,35.5,Store,CMP015
T0002889,2026-02-09,ST001,C00110,SKU025,1,55.1,0.0,20.5,Ecom,
T0002890,2026-02-09,ST017,,SKU049,1,81.98,0.0,30.5,Store,
T0002891,2026-02-09,ST013,C00289,SKU024,1,44.06,4.32,18.0,Ecom,
T0002892,2026-02-09,ST014,C00236,SKU010,2,139.39,0.0,66.0,Store,
T0002893,2026-02-09,ST020,C00014,SKU033,3,335.34,0.0,121.5,Ecom,CMP022
T0002894,2026-02-09,ST002,C00220,SKU003,1,32.74,0.0,15.5,Store,
T0002895,2026-02-10,ST015,C00283,SKU004,1,37.58,2.16,18.0,Store,
T0002896,2026-02-10,ST009,C00228,SKU005,1,55.1,0.0,20.5,Store,
T0002897,2026-02-10,ST003,C00021,SKU035,2,200.93,0.0,91.0,Store,
T0002898,2026-02-10,ST019,C00030,SKU005,1,45.26,0.0,20.5,Ecom,
T0002899,2026-02-10,ST013,C00282,SKU011,1,95.42,0.0,35.5,Store,
T0002900,2026-02-10,ST007,,SKU034,1,94.94,0.0,43.0,Store,
T0002901,2026-02-11,ST005,C00056,SKU016,1,117.5,11.52,48.0,Ecom,CMP011
T0002902,2026-02-11,ST018,,SKU035,3,255.53,32.76,136.5,Store,
T0002903,2026-02-11,ST004,C00014,SKU033,1,106.92,4.86,40.5,Store,CMP013
T0002904,2026-02-11,ST020,C00025,SKU003,1,42.78,0.0,15.5,Store,CMP005
T0002905,2026-02-11,ST005,C00119,SKU025,1,50.18,4.92,20.5,Ecom,
T0002906,2026-02-11,ST010,C00024,SKU039,1,117.22,0.0,55.5,Store,CMP016
T0002907,2026-02-12,ST017,C00266,SKU040,2,43.01,0.0,16.0,Store,
T0002908,2026-02-12,ST012,C00250,SKU045,1,56.58,0.0,20.5,Ecom,
T0002909,2026-02-12,ST007,C00175,SKU007,1,56.3,0.0,25.5,Ecom,
T0002910,2026-02-12,ST012,C00269,SKU009,1,76.86,7.32,30.5,Ecom,
T0002911,2026-02-12,ST017,C00144,SKU018,1,142.46,0.0,53.0,Store,
T0002912,2026-02-12,ST007,C00160,SKU007,1,53.24,3.06,25.5,Store,
T0002913,2026-02-13,ST004,C00117,SKU049,3,252.54,0.0,91.5,Store,
T0002914,2026-02-13,ST018,,SKU029,1,60.76,3.66,30.5,Ecom,
T0002915,2026-02-13,ST020,C00299,SKU005,1,54.12,2.46,20.5,Store,
T0002916,2026-02-13,ST005,C00155,SKU015,2,244.61,0.0,91.0,Store,
T0002917,2026-02-13,ST009,C00295,SKU027,2,137.09,0.0,51.0,Ecom,
T0002918,2026-02-13,ST014,C00153,SKU047,2,107.71,0.0,51.0,Ecom,
T0002919,2026-02-14,ST020,C00256,SKU021,1,28.98,0.0,10.5,Store,
T0002920,2026-02-14,ST016,C00083,SKU024,1,49.68,0.0,18.0,Store,
T0002921,2026-02-14,ST017,C00107,SKU026,2,123.65,0.0,46.0,Store,
T0002922,2026-02-14,ST018,C00156,SKU024,1,38.02,0.0,18.0,Store,CMP010
T0002923,2026-02-14,ST012,C00131,SKU005,1,51.66,4.92,20.5,Store,
T0002924,2026-02-14,ST015,C00197,SKU014,2,189.89,0.0,86.0,Ecom,
T0002925,2026-02-14,ST012,C00183,SKU048,1,77.28,0.0,28.0,Store,
T0002926,2026-02-14,ST020,C00227,SKU008,1,77.28,0.0,28.0,Ecom,
T0002927,2026-02-14,ST003,C00208,SKU033,1,89.42,0.0,40.5,Ecom,
T0002928,2026-02-14,ST004,C00154,SKU015,2,240.24,10.92,91.0,Ecom,
T0002929,2026-02-15,ST019,C00105,SKU017,1,105.44,6.06,50.5,Ecom,
T0002930,2026-02-15,ST005,C00065,SKU038,1,142.46,0.0,53.0,Ecom,
T0002931,2026-02-15,ST007,C00078,SKU050,1,72.86,0.0,33.0,Ecom,
T0002932,2026-02-15,ST019,C00197,SKU047,2,112.61,0.0,51.0,Store,CMP007
T0002933,2026-02-15,ST015,C00194,SKU030,3,206.71,11.88,99.0,Store,
T0002934,2026-02-15,ST005,C00124,SKU021,1,28.22,0.0,10.5,Store,CMP005
T0002935,2026-02-15,ST008,C00279,SKU018,1,146.28,0.0,53.0,Ecom,
T0002936,2026-02-15,ST018,C00250,SKU015,1,96.1,0.0,45.5,Store,CMP015
T0002937,2026-02-15,ST011,C00142,SKU010,2,145.73,0.0,66.0,Store,CMP001
T0002938,2026-02-15,ST007,C00180,SKU016,1,105.98,0.0,48.0,Ecom,
T0002939,2026-02-16,ST014,C00193,SKU020,2,33.79,0.0,16.0,Store,
T0002940,2026-02-16,ST005,C00291,SKU025,1,55.1,0.0,20.5,Store,
T0002941,2026-02-16,ST020,C00299,SKU041,2,57.96,0.0,21.0,Store,
T0002942,2026-02-16,ST009,C00024,SKU006,1,56.3,5.52,23.0,Ecom,
T0002943,2026-02-16,ST011,,SKU022,2,57.41,0.0,26.0,Ecom,
T0002944,2026-02-16,ST009,C00131,SKU050,2,169.49,7.92,66.0,Store,
T0002945,2026-02-17,ST018,C00154,SKU015,1,96.1,0.0,45.5,Store,
T0002946,2026-02-17,ST012,C00043,SKU018,1,139.92,6.36,53.0,Ecom,
T0002947,2026-02-17,ST005,,SKU023,1,37.94,3.72,15.5,Store,
T0002948,2026-02-17,ST019,C00069,SKU021,2,46.37,0.0,21.0,Store,
T0002949,2026-02-17,ST010,C00223,SKU016,1,89.86,11.52,48.0,Store,CMP023
T0002950,2026-02-17,ST012,,SKU033,1,102.06,9.72,40.5,Store,
T0002951,2026-02-18,ST010,C00167,SKU014,1,90.82,0.0,43.0,Store,CMP014
T0002952,2026-02-18,ST014,C00008,SKU011,1,66.46,8.52,35.5,Store,CMP015
T0002953,2026-02-18,ST020,C00269,SKU043,1,42.78,0.0,15.5,Ecom,CMP015
T0002954,2026-02-18,ST014,C00002,SKU042,1,25.9,1.56,13.0,Store,
T0002955,2026-02-18,ST008,,SKU047,3,211.14,0.0,76.5,Store,
T0002956,2026-02-18,ST013,,SKU003,1,41.66,0.0,15.5,Store,
T0002957,2026-02-19,ST011,C00172,SKU042,2,57.41,0.0,26.0,Ecom,
T0002958,2026-02-19,ST005,C00049,SKU011,1,95.42,0.0,35.5,Store,CMP014
T0002959,2026-02-19,ST004,,SKU021,1,26.46,2.52,10.5,Store,
T0002960,2026-02-19,ST013,C00106,SKU028,2,137.09,13.44,56.0,Ecom,CMP005
T0002961,2026-02-19,ST009,,SKU003,1,37.94,3.72,15.5,Store,CMP022
T0002962,2026-02-19,ST012,C00015,SKU025,1,51.66,4.92,20.5,Ecom,
T0002963,2026-02-20,ST004,C00274,SKU049,1,84.18,0.0,30.5,Store,
T0002964,2026-02-20,ST006,C00194,SKU024,3,114.05,0.0,54.0,Store,
T0002965,2026-02-20,ST020,C00211,SKU017,1,139.38,0.0,50.5,Store,CMP010
T0002966,2026-02-20,ST013,C00153,SKU020,1,20.54,0.96,8.0,Store,
T0002967,2026-02-20,ST019,C00099,SKU033,1,89.42,0.0,40.5,Store,
T0002968,2026-02-20,ST012,C00233,SKU016,1,126.72,5.76,48.0,Ecom,
T0002969,2026-02-21,ST008,C00282,SKU018,1,146.28,0.0,53.0,Ecom,CMP016
T0002970,2026-02-21,ST012,C00048,SKU026,1,63.48,0.0,23.0,Ecom,
T0002971,2026-02-21,ST013,C00289,SKU024,2,96.77,0.0,36.0,Ecom,
T0002972,2026-02-21,ST006,C00262,SKU024,1,35.86,2.16,18.0,Store,
T0002973,2026-02-21,ST016,C00208,SKU024,2,99.36,0.0,36.0,Ecom,CMP015
T0002974,2026-02-21,ST009,C00163,SKU049,1,81.98,0.0,30.5,Store,CMP019
T0002975,2026-02-21,ST014,C00296,SKU009,1,64.42,0.0,30.5,Store,
T0002976,2026-02-21,ST007,C00199,SKU046,1,45.26,5.52,23.0,Store,CMP004
T0002977,2026-02-21,ST003,C00215,SKU011,3,209.59,25.56,106.5,Store,
T0002978,2026-02-21,ST007,C00281,SKU043,1,32.36,1.86,15.5,Store,CMP019
T0002979,2026-02-22,ST004,C00076,SKU026,1,60.72,2.76,23.0,Store,
T0002980,2026-02-22,ST020,C00280,SKU049,2,168.36,0.0,61.0,Store,
T0002981,2026-02-22,ST008,C00043,SKU044,1,45.36,4.32,18.0,Store,
T0002982,2026-02-22,ST003,C00255,SKU002,2,54.29,3.12,26.0,Store,CMP002
T0002983,2026-02-22,ST006,C00003,SKU050,3,209.09,0.0,99.0,Store,
T0002984,2026-02-22,ST016,C00010,SKU036,1,132.48,0.0,48.0,Store,
T0002985,2026-02-22,ST007,C00063,SKU008,3,175.39,10.08,84.0,Store,
T0002986,2026-02-22,ST010,C00095,SKU050,1,69.7,0.0,33.0,Ecom,
T0002987,2026-02-22,ST006,C00152,SKU025,1,40.84,2.46,20.5,Store,CMP007
T0002988,2026-02-22,ST015,C00300,SKU009,2,120.05,14.64,61.0,Store,
T0002989,2026-02-23,ST007,C00135,SKU026,1,50.78,0.0,23.0,Store,
T0002990,2026-02-23,ST014,C00150,SKU045,1,43.3,0.0,20.5,Store,
T0002991,2026-02-23,ST001,C00282,SKU027,1,68.54,0.0,25.5,Store,CMP004
T0002992,2026-02-23,ST013,C00293,SKU007,1,65.48,3.06,25.5,Store,
T0002993,2026-02-23,ST020,C00018,SKU018,2,292.56,0.0,106.0,Store,CMP008
T0002994,2026-02-23,ST009,C00215,SKU014,2,231.17,0.0,86.0,Store,
T0002995,2026-02-24,ST004,,SKU019,1,153.18,0.0,55.5,Ecom,CMP002
T0002996,2026-02-24,ST014,C00020,SKU032,1,80.26,0.0,38.0,Store,
T0002997,2026-02-24,ST013,C00297,SKU001,1,25.7,2.52,10.5,Store,
T0002998,2026-02-24,ST001,C00083,SKU004,2,96.77,0.0,36.0,Ecom,CMP018
T0002999,2026-02-24,ST014,C00207,SKU027,2,107.71,0.0,51.0,Store,
T0003000,2026-02-24,ST020,,SKU039,1,153.18,0.0,55.5,Ecom,
T0003001,2026-02-25,ST009,C00169,SKU033,1,108.86,0.0,40.5,Ecom,
T0003002,2026-02-25,ST007,C00218,SKU021,1,21.92,1.26,10.5,Store,
T0003003,2026-02-25,ST016,,SKU038,3,419.76,19.08,159.0,Ecom,CMP011
T0003004,2026-02-25,ST004,C00254,SKU045,1,56.58,0.0,20.5,Store,
T0003005,2026-02-25,ST010,C00156,SKU002,2,54.91,0.0,26.0,Store,CMP017
T0003006,2026-02-25,ST003,,SKU019,1,109.22,13.32,55.5,Store,
T0003007,2026-02-26,ST011,C00039,SKU009,2,120.05,14.64,61.0,Store,CMP014
T0003008,2026-02-26,ST017,C00151,SKU024,2,96.77,0.0,36.0,Store,
T0003009,2026-02-26,ST003,C00256,SKU003,1,34.22,0.0,15.5,Store,
T0003010,2026-02-26,ST019,C00078,SKU019,1,122.54,0.0,55.5,Store,
T0003011,2026-02-26,ST008,C00112,SKU006,1,60.72,2.76,23.0,Store,
T0003012,2026-02-26,ST006,,SKU025,1,43.3,0.0,20.5,Ecom,
T0003013,2026-02-27,ST006,C00160,SKU049,2,128.83,0.0,61.0,Store,CMP012
T0003014,2026-02-27,ST003,C00278,SKU046,1,45.26,5.52,23.0,Ecom,CMP017
T0003015,2026-02-27,ST012,C00145,SKU028,1,70.56,6.72,28.0,Store,CMP002
T0003016,2026-02-27,ST004,C00175,SKU038,1,146.28,0.0,53.0,Ecom,
T0003017,2026-02-27,ST007,C00259,SKU024,1,39.74,0.0,18.0,Store,
T0003018,2026-02-27,ST003,C00207,SKU030,1,72.86,0.0,33.0,Store,
T0003019,2026-02-28,ST013,C00022,SKU001,1,28.22,0.0,10.5,Store,CMP008
T0003020,2026-02-28,ST013,C00216,SKU033,2,217.73,0.0,81.0,Store,CMP023
T0003021,2026-02-28,ST004,,SKU001,1,27.72,1.26,10.5,Store,
T0003022,2026-02-28,ST009,,SKU049,1,81.98,0.0,30.5,Store,CMP014
T0003023,2026-02-28,ST017,,SKU047,1,68.54,0.0,25.5,Store,CMP005
T0003024,2026-02-28,ST006,C00146,SKU012,1,80.26,0.0,38.0,Ecom,
T0003025,2026-02-28,ST017,C00153,SKU013,1,108.86,0.0,40.5,Ecom,CMP024
T0003026,2026-02-28,ST009,C00060,SKU029,1,81.98,0.0,30.5,Ecom,
T0003027,2026-02-28,ST012,,SKU043,2,85.56,0.0,31.0,Ecom,CMP015
T0003028,2026-02-28,ST006,C00068,SKU050,3,209.09,0.0,99.0,Store,
T0003029,2026-03-01,ST004,C00185,SKU041,3,79.38,7.56,31.5,Store,
T0003030,2026-03-01,ST015,C00066,SKU034,3,284.83,0.0,129.0,Store,
T0003031,2026-03-01,ST010,C00169,SKU007,1,53.86,0.0,25.5,Ecom,
T0003032,2026-03-01,ST005,C00049,SKU049,3,245.95,0.0,91.5,Store,
T0003033,2026-03-01,ST015,C00066,SKU019,1,122.54,0.0,55.5,Store,CMP017
T0003034,2026-03-01,ST020,,SKU015,1,125.58,0.0,45.5,Ecom,
T0003035,2026-03-01,ST001,C00238,SKU044,1,48.38,0.0,18.0,Store,
T0003036,2026-03-01,ST020,C00228,SKU047,1,70.38,0.0,25.5,Store,
T0003037,2026-03-01,ST019,C00170,SKU001,1,23.18,0.0,10.5,Ecom,
T0003038,2026-03-01,ST019,C00011,SKU037,1,111.5,0.0,50.5,Store,CMP024
T0003039,2026-03-02,ST014,C00291,SKU039,1,117.22,0.0,55.5,Store,
T0003040,2026-03-02,ST020,C00194,SKU035,1,125.58,0.0,45.5,Store,
T0003041,2026-03-02,ST008,C00140,SKU015,1,125.58,0.0,45.5,Store,CMP011
T0003042,2026-03-02,ST014,C00215,SKU006,1,48.58,0.0,23.0,Ecom,
T0003043,2026-03-02,ST002,C00011,SKU009,1,64.42,0.0,30.5,Store,
T0003044,2026-03-02,ST020,C00204,SKU011,1,97.98,0.0,35.5,Ecom,
T0003045,2026-03-03,ST006,C00005,SKU021,1,22.18,0.0,10.5,Ecom,CMP005
T0003046,2026-03-03,ST006,C00003,SKU014,2,181.63,0.0,86.0,Store,CMP023
T0003047,2026-03-03,ST004,C00127,SKU047,3,201.96,9.18,76.5,Store,
T0003048,2026-03-03,ST011,C00300,SKU021,3,65.77,3.78,31.5,Store,CMP016
T0003049,2026-03-03,ST013,C00085,SKU001,1,28.22,0.0,10.5,Store,CMP007
T0003050,2026-03-03,ST005,C00150,SKU040,1,21.5,0.0,8.0,Store,
T0003051,2026-03-04,ST018,C00116,SKU009,1,64.42,0.0,30.5,Store,
T0003052,2026-03-04,ST014,C00047,SKU026,1,48.58,0.0,23.0,Ecom,
T0003053,2026-03-04,ST020,C00014,SKU009,1,80.52,3.66,30.5,Ecom,
T0003054,2026-03-04,ST006,C00124,SKU008,1,55.78,3.36,28.0,Store,
T0003055,2026-03-04,ST001,C00065,SKU026,2,123.65,0.0,46.0,Store,
T0003056,2026-03-04,ST008,C00024,SKU038,1,146.28,0.0,53.0,Store,CMP005
T0003057,2026-03-05,ST004,C00055,SKU043,1,42.78,0.0,15.5,Store,CMP020
T0003058,2026-03-05,ST020,,SKU032,1,104.88,0.0,38.0,Store,
T0003059,2026-03-05,ST019,C00051,SKU042,1,28.7,0.0,13.0,Store,
T0003060,2026-03-05,ST009,C00264,SKU045,2,110.21,0.0,41.0,Store,
T0003061,2026-03-05,ST015,C00074,SKU038,1,117.02,0.0,53.0,Store,
T0003062,2026-03-05,ST007,C00043,SKU009,3,191.05,10.98,91.5,Ecom,
T0003063,2026-03-06,ST003,C00149,SKU019,1,122.54,0.0,55.5,Store,
T0003064,2026-03-06,ST004,C00181,SKU040,1,20.16,1.92,8.0,Store,
T0003065,2026-03-06,ST003,C00256,SKU043,1,32.36,1.86,15.5,Store,
T0003066,2026-03-06,ST012,C00215,SKU012,1,104.88,0.0,38.0,Store,
T0003067,2026-03-06,ST003,C00245,SKU045,1,42.8,2.46,20.5,Ecom,
T0003068,2026-03-06,ST020,C00126,SKU004,1,49.68,0.0,18.0,Store,
T0003069,2026-03-07,ST015,C00245,SKU002,1,28.7,0.0,13.0,Store,
T0003070,2026-03-07,ST007,C00277,SKU044,1,39.74,0.0,18.0,Store,CMP005
T0003071,2026-03-07,ST017,C00263,SKU047,1,68.54,0.0,25.5,Store,
T0003072,2026-03-07,ST010,C00099,SKU010,1,69.7,0.0,33.0,Store,
T0003073,2026-03-07,ST011,C00292,SKU050,2,129.89,15.84,66.0,Store,
T0003074,2026-03-07,ST008,C00107,SKU045,1,54.12,2.46,20.5,Store,
T0003075,2026-03-07,ST017,C00107,SKU025,1,52.64,2.46,20.5,Store,
T0003076,2026-03-07,ST009,C00284,SKU007,1,65.48,3.06,25.5,Store,
T0003077,2026-03-07,ST011,C00072,SKU014,1,94.94,0.0,43.0,Store,
T0003078,2026-03-07,ST001,C00084,SKU025,2,105.29,4.92,41.0,Store,
T0003079,2026-03-08,ST008,,SKU024,1,49.68,0.0,18.0,Store,
T0003080,2026-03-08,ST012,C00128,SKU015,1,125.58,0.0,45.5,Store,
T0003081,2026-03-08,ST013,C00211,SKU040,1,20.54,0.96,8.0,Store,
T0003082,2026-03-08,ST006,C00296,SKU011,1,74.98,0.0,35.5,Store,
T0003083,2026-03-08,ST014,C00003,SKU041,3,58.97,7.56,31.5,Store,CMP019
T0003084,2026-03-08,ST013,C00057,SKU035,1,122.3,0.0,45.5,Ecom,
T0003085,2026-03-08,ST015,C00092,SKU027,1,56.3,0.0,25.5,Store,
T0003086,2026-03-08,ST020,C00111,SKU029,1,84.18,0.0,30.5,Store,
T0003087,2026-03-08,ST019,C00191,SKU008,2,123.65,0.0,56.0,Store,CMP007
T0003088,2026-03-08,ST016,C00004,SKU030,1,91.08,0.0,33.0,Ecom,
T0003089,2026-03-09,ST015,C00267,SKU009,1,67.34,0.0,30.5,Store,
T0003090,2026-03-09,ST020,C00150,SKU034,1,118.68,0.0,43.0,Store,
T0003091,2026-03-09,ST005,,SKU045,1,55.1,0.0,20.5,Store,
T0003092,2026-03-09,ST013,C00228,SKU032,1,102.14,0.0,38.0,Store,
T0003093,2026-03-09,ST005,C00003,SKU034,1,115.58,0.0,43.0,Ecom,
T0003094,2026-03-09,ST001,C00266,SKU004,1,48.38,0.0,18.0,Ecom,CMP009
T0003095,2026-03-10,ST018,C00109,SKU014,1,85.66,5.16,43.0,Store,
T0003096,2026-03-10,ST017,C00277,SKU011,1,91.16,4.26,35.5,Store,
T0003097,2026-03-10,ST007,,SKU025,1,45.26,0.0,20.5,Store,
T0003098,2026-03-10,ST014,C00288,SKU039,3,331.67,19.98,166.5,Ecom,CMP023
T0003099,2026-03-10,ST004,C00190,SKU013,2,223.56,0.0,81.0,Ecom,
T0003100,2026-03-10,ST012,C00001,SKU004,1,49.68,0.0,18.0,Store,
T0003101,2026-03-11,ST012,C00031,SKU034,1,118.68,0.0,43.0,Ecom,CMP017
T0003102,2026-03-11,ST019,C00019,SKU041,1,23.18,0.0,10.5,Store,CMP002
T0003103,2026-03-11,ST003,C00261,SKU023,1,34.22,0.0,15.5,Store,
T0003104,2026-03-11,ST004,C00112,SKU018,1,139.92,6.36,53.0,Store,
T0003105,2026-03-11,ST007,C00007,SKU003,1,32.36,1.86,15.5,Store,
T0003106,2026-03-11,ST010,,SKU029,2,121.51,7.32,61.0,Store,
T0003107,2026-03-12,ST020,C00237,SKU003,2,85.56,0.0,31.0,Store,
T0003108,2026-03-12,ST018,C00248,SKU042,2,51.79,3.12,26.0,Store,CMP012
T0003109,2026-03-12,ST013,C00265,SKU028,3,225.79,0.0,84.0,Store,CMP019
T0003110,2026-03-12,ST013,C00267,SKU029,1,81.98,0.0,30.5,Store,CMP003
T0003111,2026-03-12,ST002,C00015,SKU047,1,47.74,6.12,25.5,Store,CMP007
T0003112,2026-03-12,ST018,C00217,SKU005,1,43.3,0.0,20.5,Store,
T0003113,2026-03-13,ST008,C00261,SKU016,1,132.48,0.0,48.0,Store,
T0003114,2026-03-13,ST004,C00247,SKU030,1,91.08,0.0,33.0,Store,CMP011
T0003115,2026-03-13,ST009,C00249,SKU028,1,75.26,0.0,28.0,Store,CMP007
T0003116,2026-03-13,ST017,C00237,SKU022,1,33.38,1.56,13.0,Store,
T0003117,2026-03-13,ST008,C00190,SKU017,2,278.76,0.0,101.0,Ecom,CMP005
T0003118,2026-03-13,ST012,C00123,SKU020,1,20.16,1.92,8.0,Store,
T0003119,2026-03-14,ST001,C00242,SKU035,1,122.3,0.0,45.5,Ecom,
T0003120,2026-03-14,ST008,C00086,SKU036,3,380.16,17.28,144.0,Ecom,
T0003121,2026-03-14,ST004,C00257,SKU008,1,77.28,0.0,28.0,Store,CMP024
T0003122,2026-03-14,ST017,C00032,SKU025,1,55.1,0.0,20.5,Ecom,CMP002
T0003123,2026-03-14,ST009,C00149,SKU010,1,88.7,0.0,33.0,Store,
T0003124,2026-03-14,ST015,,SKU031,1,74.12,4.26,35.5,Store,
T0003125,2026-03-14,ST019,C00193,SKU041,1,20.66,2.52,10.5,Ecom,
T0003126,2026-03-14,ST013,C00152,SKU050,1,80.78,7.92,33.0,Store,
T0003127,2026-03-14,ST008,C00137,SKU013,1,102.06,9.72,40.5,Store,
T0003128,2026-03-14,ST010,C00195,SKU009,1,64.42,0.0,30.5,Store,CMP015
T0003129,2026-03-15,ST006,C00297,SKU009,1,64.42,0.0,30.5,Store,CMP020
T0003130,2026-03-15,ST015,C00146,SKU002,1,28.7,0.0,13.0,Ecom,
T0003131,2026-03-15,ST011,C00059,SKU032,1,83.9,0.0,38.0,Store,CMP023
T0003132,2026-03-15,ST003,C00078,SKU026,1,50.78,0.0,23.0,Store,
T0003133,2026-03-15,ST012,C00107,SKU036,1,126.72,5.76,48.0,Store,
T0003134,2026-03-15,ST018,C00148,SKU014,1,90.82,0.0,43.0,Ecom,
T0003135,2026-03-15,ST020,,SKU012,1,100.32,4.56,38.0,Ecom,
T0003136,2026-03-15,ST013,C00259,SKU016,3,369.79,17.28,144.0,Store,
T0003137,2026-03-15,ST008,,SKU010,1,87.12,3.96,33.0,Ecom,
T0003138,2026-03-15,ST014,C00266,SKU028,1,55.78,3.36,28.0,Store,
T0003139,2026-03-16,ST019,C00256,SKU011,1,78.38,0.0,35.5,Store,CMP002
T0003140,2026-03-16,ST005,C00026,SKU002,1,33.38,1.56,13.0,Store,
T0003141,2026-03-16,ST019,C00174,SKU002,1,28.7,0.0,13.0,Store,
T0003142,2026-03-16,ST007,,SKU047,1,56.3,0.0,25.5,Store,
T0003143,2026-03-16,ST014,C00196,SKU042,1,27.46,0.0,13.0,Store,
T0003144,2026-03-16,ST002,C00027,SKU004,1,33.7,4.32,18.0,Store,
T0003145,2026-03-17,ST015,,SKU034,1,94.94,0.0,43.0,Store,
T0003146,2026-03-17,ST002,C00119,SKU012,1,80.26,0.0,38.0,Ecom,CMP018
T0003147,2026-03-17,ST020,C00026,SKU049,1,84.18,0.0,30.5,Store,CMP009
T0003148,2026-03-17,ST015,C00125,SKU027,2,106.49,6.12,51.0,Store,CMP021
T0003149,2026-03-17,ST003,C00220,SKU009,1,67.34,0.0,30.5,Ecom,
T0003150,2026-03-17,ST019,C00132,SKU020,2,35.33,0.0,16.0,Ecom,
T0003151,2026-03-18,ST008,C00046,SKU005,1,56.58,0.0,20.5,Ecom,
T0003152,2026-03-18,ST008,C00222,SKU001,1,28.98,0.0,10.5,Store,
T0003153,2026-03-18,ST010,,SKU009,1,64.42,0.0,30.5,Store,
T0003154,2026-03-18,ST014,C00209,SKU039,2,234.43,0.0,111.0,Ecom,
T0003155,2026-03-18,ST004,C00219,SKU026,1,63.48,0.0,23.0,Store,
T0003156,2026-03-18,ST005,C00111,SKU043,1,41.66,0.0,15.5,Store,
T0003157,2026-03-19,ST012,,SKU002,1,35.88,0.0,13.0,Store,
T0003158,2026-03-19,ST019,C00222,SKU011,1,69.86,8.52,35.5,Store,
T0003159,2026-03-19,ST019,C00230,SKU045,1,45.26,0.0,20.5,Ecom,
T0003160,2026-03-19,ST011,C00276,SKU011,3,235.15,0.0,106.5,Store,
T0003161,2026-03-19,ST008,C00055,SKU021,1,28.98,0.0,10.5,Store,
T0003162,2026-03-19,ST005,C00254,SKU028,1,75.26,0.0,28.0,Store,
T0003163,2026-03-20,ST018,C00273,SKU024,1,38.02,0.0,18.0,Ecom,
T0003164,2026-03-20,ST010,C00056,SKU008,2,111.55,6.72,56.0,Store,
T0003165,2026-03-20,ST007,,SKU037,2,198.77,24.24,101.0,Ecom,
T0003166,2026-03-20,ST013,C00274,SKU023,1,41.66,0.0,15.5,Ecom,
T0003167,2026-03-20,ST010,C00029,SKU034,2,181.63,0.0,86.0,Store,
T0003168,2026-03-20,ST020,C00093,SKU012,1,100.32,4.56,38.0,Ecom,
T0003169,2026-03-21,ST012,C00026,SKU041,1,28.98,0.0,10.5,Store,
T0003170,2026-03-21,ST001,,SKU008,2,150.53,0.0,56.0,Store,
T0003171,2026-03-21,ST017,C00019,SKU026,1,61.82,0.0,23.0,Ecom,
T0003172,2026-03-21,ST013,C00177,SKU043,1,41.66,0.0,15.5,Store,CMP007
T0003173,2026-03-21,ST007,C00009,SKU008,1,61.82,0.0,28.0,Store,CMP016
T0003174,2026-03-21,ST001,C00089,SKU009,2,156.65,7.32,61.0,Ecom,CMP023
T0003175,2026-03-21,ST015,C00148,SKU024,3,119.23,0.0,54.0,Ecom,
T0003176,2026-03-21,ST003,C00157,SKU042,1,25.58,3.12,13.0,Store,
T0003177,2026-03-21,ST016,,SKU017,1,133.32,6.06,50.5,Store,
T0003178,2026-03-21,ST010,C00113,SKU017,1,106.66,0.0,50.5,Store,
T0003179,2026-03-22,ST018,C00215,SKU035,1,85.18,10.92,45.5,Ecom,CMP024
T0003180,2026-03-22,ST017,C00288,SKU013,2,217.73,0.0,81.0,Ecom,
T0003181,2026-03-22,ST018,C00214,SKU028,2,118.27,0.0,56.0,Store,
T0003182,2026-03-22,ST010,C00079,SKU034,1,85.66,5.16,43.0,Store,
T0003183,2026-03-22,ST001,C00149,SKU033,1,104.0,4.86,40.5,Store,
T0003184,2026-03-22,ST007,C00129,SKU043,1,32.36,1.86,15.5,Store,
T0003185,2026-03-22,ST018,C00157,SKU003,1,32.74,0.0,15.5,Ecom,
T0003186,2026-03-22,ST020,C00206,SKU012,1,104.88,0.0,38.0,Store,CMP007
T0003187,2026-03-22,ST020,C00024,SKU049,1,80.52,3.66,30.5,Store,CMP024
T0003188,2026-03-22,ST005,C00177,SKU038,1,142.46,0.0,53.0,Store,CMP001
T0003189,2026-03-23,ST005,C00180,SKU022,1,34.94,0.0,13.0,Store,
T0003190,2026-03-23,ST001,C00012,SKU020,1,19.58,1.92,8.0,Store,CMP007
T0003191,2026-03-23,ST003,C00136,SKU009,2,134.69,0.0,61.0,Ecom,
T0003192,2026-03-23,ST020,C00041,SKU049,2,168.36,0.0,61.0,Store,CMP008
T0003193,2026-03-23,ST019,C00086,SKU002,1,28.7,0.0,13.0,Ecom,
T0003194,2026-03-23,ST005,C00195,SKU036,2,258.05,0.0,96.0,Store,CMP002
T0003195,2026-03-24,ST016,C00284,SKU015,2,251.16,0.0,91.0,Store,
T0003196,2026-03-24,ST003,C00221,SKU017,3,298.15,36.36,151.5,Store,
T0003197,2026-03-24,ST019,C00041,SKU015,1,100.46,0.0,45.5,Store,
T0003198,2026-03-24,ST008,C00017,SKU045,3,162.36,7.38,61.5,Store,CMP006
T0003199,2026-03-24,ST004,C00127,SKU027,1,67.32,3.06,25.5,Ecom,CMP005
T0003200,2026-03-24,ST011,C00217,SKU031,2,156.77,0.0,71.0,Store,
T0003201,2026-03-25,ST004,C00015,SKU012,1,95.76,9.12,38.0,Store,CMP021
T0003202,2026-03-25,ST006,C00031,SKU001,1,22.18,0.0,10.5,Store,CMP014
T0003203,2026-03-25,ST008,C00038,SKU040,1,21.12,0.96,8.0,Store,
T0003204,2026-03-25,ST002,C00277,SKU046,1,48.58,0.0,23.0,Store,
T0003205,2026-03-25,ST014,C00052,SKU029,3,193.25,0.0,91.5,Store,
T0003206,2026-03-25,ST017,C00020,SKU036,1,129.02,0.0,48.0,Store,
T0003207,2026-03-26,ST010,C00075,SKU042,1,27.46,0.0,13.0,Store,
T0003208,2026-03-26,ST005,C00122,SKU036,1,129.02,0.0,48.0,Ecom,CMP012
T0003209,2026-03-26,ST015,C00033,SKU025,1,45.26,0.0,20.5,Store,
T0003210,2026-03-26,ST010,C00044,SKU041,1,22.18,0.0,10.5,Store,
T0003211,2026-03-26,ST020,C00044,SKU024,2,99.36,0.0,36.0,Store,
T0003212,2026-03-26,ST016,C00055,SKU008,1,73.92,3.36,28.0,Store,CMP019
T0003213,2026-03-27,ST015,C00174,SKU039,2,231.77,13.32,111.0,Store,CMP006
T0003214,2026-03-27,ST014,C00043,SKU010,2,123.55,15.84,66.0,Ecom,
T0003215,2026-03-27,ST005,,SKU011,1,91.16,4.26,35.5,Store,
T0003216,2026-03-27,ST011,C00236,SKU029,1,63.68,3.66,30.5,Store,CMP001
T0003217,2026-03-27,ST019,C00250,SKU033,1,89.42,0.0,40.5,Store,
T0003218,2026-03-27,ST020,,SKU047,2,140.76,0.0,51.0,Store,CMP011
T0003219,2026-03-28,ST006,C00194,SKU001,2,39.31,5.04,21.0,Store,CMP016
T0003220,2026-03-28,ST002,C00159,SKU014,1,90.82,0.0,43.0,Store,CMP011
T0003221,2026-03-28,ST015,C00122,SKU049,1,67.34,0.0,30.5,Ecom,CMP020
T0003222,2026-03-28,ST007,C00236,SKU018,1,117.02,0.0,53.0,Store,
T0003223,2026-03-28,ST005,C00278,SKU016,1,129.02,0.0,48.0,Ecom,CMP008
T0003224,2026-03-28,ST005,C00025,SKU029,2,163.97,0.0,61.0,Store,CMP008
T0003225,2026-03-28,ST002,C00082,SKU007,1,53.86,0.0,25.5,Store,CMP022
T0003226,2026-03-28,ST012,C00282,SKU016,2,264.96,0.0,96.0,Store,
T0003227,2026-03-28,ST017,C00211,SKU008,1,75.26,0.0,28.0,Store,CMP019
T0003228,2026-03-28,ST003,C00246,SKU042,3,81.43,4.68,39.0,Store,
T0003229,2026-03-29,ST017,C00249,SKU038,1,142.46,0.0,53.0,Store,CMP001
T0003230,2026-03-29,ST003,C00052,SKU017,2,210.89,12.12,101.0,Store,
T0003231,2026-03-29,ST014,C00187,SKU016,2,202.75,0.0,96.0,Store,
T0003232,2026-03-29,ST020,,SKU021,1,28.98,0.0,10.5,Store,
T0003233,2026-03-29,ST004,C00042,SKU050,1,91.08,0.0,33.0,Ecom,
T0003234,2026-03-29,ST014,C00203,SKU039,1,110.56,6.66,55.5,Store,
T0003235,2026-03-29,ST015,C00121,SKU028,1,61.82,0.0,28.0,Store,
T0003236,2026-03-29,ST017,C00218,SKU027,1,68.54,0.0,25.5,Store,
T0003237,2026-03-29,ST013,C00226,SKU049,1,81.98,0.0,30.5,Store,
T0003238,2026-03-29,ST015,C00269,SKU007,1,56.3,0.0,25.5,Store,
T0003239,2026-03-30,ST005,C00148,SKU014,1,115.58,0.0,43.0,Ecom,
T0003240,2026-03-30,ST013,C00105,SKU012,2,204.29,0.0,76.0,Store,
T0003241,2026-03-30,ST003,C00050,SKU030,1,72.86,0.0,33.0,Store,
T0003242,2026-03-30,ST006,C00058,SKU019,1,103.9,13.32,55.5,Store,
T0003243,2026-03-30,ST014,C00129,SKU017,1,100.6,6.06,50.5,Store,
T0003244,2026-03-30,ST019,C00012,SKU033,1,79.7,9.72,40.5,Ecom,
T0003245,2026-03-31,ST001,C00113,SKU002,1,31.82,3.12,13.0,Store,
T0003246,2026-03-31,ST008,C00177,SKU045,1,56.58,0.0,20.5,Store,
T0003247,2026-03-31,ST020,C00086,SKU008,1,77.28,0.0,28.0,Store,
T0003248,2026-03-31,ST009,,SKU005,1,52.64,2.46,20.5,Store,
T0003249,2026-03-31,ST019,,SKU007,1,56.3,0.0,25.5,Store,
T0003250,2026-03-31,ST004,C00045,SKU034,1,113.52,5.16,43.0,Ecom,
T0003251,2026-04-01,ST013,,SKU042,2,69.89,0.0,26.0,Store,
T0003252,2026-04-01,ST017,C00296,SKU042,1,34.94,0.0,13.0,Store,
T0003253,2026-04-01,ST020,C00070,SKU004,1,49.68,0.0,18.0,Ecom,CMP018
T0003254,2026-04-01,ST011,C00049,SKU027,1,50.18,6.12,25.5,Ecom,
T0003255,2026-04-01,ST001,,SKU028,1,75.26,0.0,28.0,Store,
T0003256,2026-04-01,ST014,C00087,SKU013,1,85.54,0.0,40.5,Store,
T0003257,2026-04-02,ST006,C00213,SKU048,1,52.42,6.72,28.0,Store,
T0003258,2026-04-02,ST016,C00046,SKU036,1,132.48,0.0,48.0,Store,
T0003259,2026-04-02,ST019,C00300,SKU042,1,25.58,3.12,13.0,Store,
T0003260,2026-04-02,ST002,C00007,SKU008,1,55.78,3.36,28.0,Store,
T0003261,2026-04-02,ST006,C00100,SKU008,1,59.14,0.0,28.0,Store,
T0003262,2026-04-02,ST016,C00169,SKU040,1,22.08,0.0,8.0,Store,
T0003263,2026-04-03,ST020,C00084,SKU004,1,49.68,0.0,18.0,Ecom,
T0003264,2026-04-03,ST017,C00216,SKU015,2,244.61,0.0,91.0,Ecom,
T0003265,2026-04-03,ST018,C00079,SKU049,1,64.42,0.0,30.5,Store,
T0003266,2026-04-03,ST005,C00176,SKU010,1,88.7,0.0,33.0,Store,CMP020
T0003267,2026-04-03,ST006,C00035,SKU021,1,22.18,0.0,10.5,Ecom,
T0003268,2026-04-03,ST006,C00094,SKU007,2,101.59,6.12,51.0,Store,
T0003269,2026-04-04,ST018,C00134,SKU026,1,48.58,0.0,23.0,Ecom,
T0003270,2026-04-04,ST018,C00049,SKU017,1,106.66,0.0,50.5,Store,
T0003271,2026-04-04,ST001,C00205,SKU050,1,88.7,0.0,33.0,Store,
T0003272,2026-04-04,ST019,C00157,SKU028,1,55.1,6.72,28.0,Store,
T0003273,2026-04-04,ST009,,SKU047,3,187.27,18.36,76.5,Store,
T0003274,2026-04-04,ST004,C00097,SKU030,1,91.08,0.0,33.0,Store,
T0003275,2026-04-04,ST003,C00241,SKU014,1,89.78,5.16,43.0,Store,
T0003276,2026-04-04,ST005,C00116,SKU008,2,150.53,0.0,56.0,Store,
T0003277,2026-04-04,ST005,C00088,SKU042,2,69.89,0.0,26.0,Store,CMP020
T0003278,2026-04-04,ST008,C00126,SKU004,1,49.68,0.0,18.0,Store,
T0003279,2026-04-05,ST001,C00052,SKU007,1,68.54,0.0,25.5,Store,
T0003280,2026-04-05,ST018,C00016,SKU018,1,111.94,0.0,53.0,Store,CMP012
T0003281,2026-04-05,ST020,C00180,SKU020,2,44.16,0.0,16.0,Store,CMP024
T0003282,2026-04-05,ST003,C00141,SKU022,1,25.58,3.12,13.0,Store,
T0003283,2026-04-05,ST012,C00034,SKU013,2,213.84,9.72,81.0,Ecom,CMP010
T0003284,2026-04-05,ST005,C00048,SKU020,1,19.58,1.92,8.0,Store,CMP006
T0003285,2026-04-05,ST003,C00037,SKU043,1,34.22,0.0,15.5,Store,
T0003286,2026-04-05,ST009,C00090,SKU012,1,102.14,0.0,38.0,Store,CMP013
T0003287,2026-04-05,ST014,C00217,SKU038,1,111.94,0.0,53.0,Store,
T0003288,2026-04-05,ST018,,SKU025,1,43.3,0.0,20.5,Store,
T0003289,2026-04-06,ST007,C00119,SKU039,2,245.09,0.0,111.0,Store,CMP021
T0003290,2026-04-06,ST005,,SKU019,1,149.18,0.0,55.5,Store,
T0003291,2026-04-06,ST014,C00154,SKU013,1,75.82,9.72,40.5,Ecom,
T0003292,2026-04-06,ST009,C00053,SKU014,3,315.79,30.96,129.0,Ecom,
T0003293,2026-04-06,ST009,,SKU047,1,68.54,0.0,25.5,Store,
T0003294,2026-04-06,ST008,C00197,SKU047,3,211.14,0.0,76.5,Store,
T0003295,2026-04-07,ST015,C00012,SKU018,1,117.02,0.0,53.0,Store,CMP018
T0003296,2026-04-07,ST017,C00140,SKU040,2,41.09,1.92,16.0,Ecom,
T0003297,2026-04-07,ST008,C00217,SKU037,1,139.38,0.0,50.5,Store,
T0003298,2026-04-07,ST016,C00133,SKU026,1,57.96,5.52,23.0,Store,
T0003299,2026-04-07,ST019,C00070,SKU038,1,110.66,6.36,53.0,Ecom,CMP009
T0003300,2026-04-07,ST020,C00194,SKU042,1,34.32,1.56,13.0,Store,
T0003301,2026-04-08,ST020,C00009,SKU038,1,146.28,0.0,53.0,Ecom,
T0003302,2026-04-08,ST001,C00044,SKU028,2,137.09,13.44,56.0,Store,
T0003303,2026-04-08,ST001,C00269,SKU049,1,78.32,3.66,30.5,Store,CMP013
T0003304,2026-04-08,ST012,C00167,SKU027,1,70.38,0.0,25.5,Store,CMP024
T0003305,2026-04-08,ST001,,SKU044,1,48.38,0.0,18.0,Store,CMP024
T0003306,2026-04-08,ST007,C00189,SKU019,1,115.88,6.66,55.5,Store,
T0003307,2026-04-09,ST009,C00009,SKU021,1,26.96,1.26,10.5,Store,
T0003308,2026-04-09,ST008,C00024,SKU032,1,104.88,0.0,38.0,Ecom,
T0003309,2026-04-09,ST014,C00275,SKU005,1,43.3,0.0,20.5,Store,
T0003310,2026-04-09,ST002,C00124,SKU009,1,60.76,3.66,30.5,Store,
T0003311,2026-04-09,ST013,C00037,SKU020,1,21.5,0.0,8.0,Store,
T0003312,2026-04-09,ST008,C00287,SKU049,2,161.04,7.32,61.0,Store,CMP017
T0003313,2026-04-10,ST001,C00012,SKU047,2,137.09,0.0,51.0,Store,
T0003314,2026-04-10,ST020,,SKU022,2,71.76,0.0,26.0,Store,CMP010
T0003315,2026-04-10,ST017,C00251,SKU024,1,44.06,4.32,18.0,Store,
T0003316,2026-04-10,ST007,C00076,SKU025,1,45.26,0.0,20.5,Store,
T0003317,2026-04-10,ST010,C00133,SKU044,1,33.7,4.32,18.0,Ecom,
T0003318,2026-04-10,ST008,,SKU015,1,125.58,0.0,45.5,Store,CMP012
T0003319,2026-04-11,ST014,C00025,SKU006,1,48.58,0.0,23.0,Ecom,
T0003320,2026-04-11,ST010,C00237,SKU018,1,105.58,6.36,53.0,Ecom,CMP014
T0003321,2026-04-11,ST013,C00228,SKU016,1,129.02,0.0,48.0,Ecom,
T0003322,2026-04-11,ST018,C00254,SKU039,1,110.56,6.66,55.5,Ecom,
T0003323,2026-04-11,ST020,C00123,SKU018,3,400.68,38.16,159.0,Store,
T0003324,2026-04-11,ST012,C00236,SKU013,2,223.56,0.0,81.0,Ecom,
T0003325,2026-04-11,ST016,C00286,SKU025,1,56.58,0.0,20.5,Store,CMP005
T0003326,2026-04-11,ST016,C00042,SKU027,1,67.32,3.06,25.5,Store,
T0003327,2026-04-11,ST003,C00107,SKU021,1,23.18,0.0,10.5,Store,CMP019
T0003328,2026-04-11,ST002,C00293,SKU042,2,54.91,0.0,26.0,Store,
T0003329,2026-04-12,ST012,C00124,SKU047,2,140.76,0.0,51.0,Store,
T0003330,2026-04-12,ST011,C00188,SKU042,1,28.7,0.0,13.0,Ecom,
T0003331,2026-04-12,ST005,C00017,SKU027,1,68.54,0.0,25.5,Store,
T0003332,2026-04-12,ST015,C00293,SKU002,2,57.41,0.0,26.0,Ecom,CMP008
T0003333,2026-04-12,ST019,C00216,SKU049,1,60.02,7.32,30.5,Store,
T0003334,2026-04-12,ST019,C00161,SKU038,3,351.07,0.0,159.0,Store,
T0003335,2026-04-12,ST011,C00230,SKU033,2,178.85,0.0,81.0,Store,
T0003336,2026-04-12,ST010,C00048,SKU031,1,70.72,4.26,35.5,Store,
T0003337,2026-04-12,ST009,C00299,SKU047,1,65.48,3.06,25.5,Store,
T0003338,2026-04-12,ST020,C00069,SKU002,1,35.88,0.0,13.0,Store,
T0003339,2026-04-13,ST001,C00035,SKU034,1,115.58,0.0,43.0,Store,
T0003340,2026-04-13,ST001,C00096,SKU047,1,68.54,0.0,25.5,Store,
T0003341,2026-04-13,ST016,C00274,SKU044,1,49.68,0.0,18.0,Store,CMP002
T0003342,2026-04-13,ST007,C00193,SKU006,1,48.02,2.76,23.0,Ecom,
T0003343,2026-04-13,ST007,C00047,SKU036,1,94.46,11.52,48.0,Store,
T0003344,2026-04-13,ST010,C00002,SKU020,1,14.98,1.92,8.0,Store,CMP004
T0003345,2026-04-14,ST006,C00259,SKU047,1,53.86,0.0,25.5,Ecom,
T0003346,2026-04-14,ST018,C00209,SKU048,1,55.78,3.36,28.0,Store,
T0003347,2026-04-14,ST003,C00040,SKU014,1,94.94,0.0,43.0,Store,CMP012
T0003348,2026-04-14,ST007,C00215,SKU018,2,208.61,25.44,106.0,Store,
T0003349,2026-04-14,ST020,C00187,SKU034,1,118.68,0.0,43.0,Store,
T0003350,2026-04-14,ST011,C00030,SKU040,2,31.49,3.84,16.0,Ecom,
T0003351,2026-04-15,ST003,C00284,SKU011,3,235.15,0.0,106.5,Store,
T0003352,2026-04-15,ST004,C00092,SKU025,1,56.58,0.0,20.5,Store,
T0003353,2026-04-15,ST008,C00293,SKU020,1,22.08,0.0,8.0,Ecom,
T0003354,2026-04-15,ST018,C00198,SKU005,1,43.3,0.0,20.5,Ecom,
T0003355,2026-04-15,ST006,C00053,SKU020,1,16.9,0.0,8.0,Ecom,
T0003356,2026-04-15,ST008,C00053,SKU049,1,76.86,7.32,30.5,Store,
T0003357,2026-04-16,ST007,,SKU019,1,115.88,6.66,55.5,Store,CMP008
T0003358,2026-04-16,ST012,C00028,SKU024,3,149.04,0.0,54.0,Store,CMP007
T0003359,2026-04-16,ST010,,SKU019,1,117.22,0.0,55.5,Store,
T0003360,2026-04-16,ST002,C00209,SKU040,1,14.98,1.92,8.0,Ecom,
T0003361,2026-04-16,ST011,C00222,SKU030,1,72.86,0.0,33.0,Ecom,
T0003362,2026-04-16,ST004,C00095,SKU036,1,132.48,0.0,48.0,Ecom,CMP020
T0003363,2026-04-17,ST020,C00029,SKU018,1,146.28,0.0,53.0,Ecom,
T0003364,2026-04-17,ST004,C00054,SKU002,2,68.64,3.12,26.0,Store,
T0003365,2026-04-17,ST020,,SKU006,2,115.92,11.04,46.0,Store,
T0003366,2026-04-17,ST009,C00064,SKU009,1,81.98,0.0,30.5,Store,
T0003367,2026-04-17,ST005,C00256,SKU010,1,84.74,3.96,33.0,Ecom,CMP013
T0003368,2026-04-17,ST019,C00075,SKU050,1,72.86,0.0,33.0,Store,
T0003369,2026-04-18,ST003,,SKU048,1,61.82,0.0,28.0,Store,CMP021
T0003370,2026-04-18,ST012,C00068,SKU032,1,100.32,4.56,38.0,Store,CMP007
T0003371,2026-04-18,ST001,C00238,SKU003,2,83.33,0.0,31.0,Store,
T0003372,2026-04-18,ST005,C00285,SKU017,1,135.74,0.0,50.5,Store,CMP012
T0003373,2026-04-18,ST011,C00023,SKU012,1,74.78,9.12,38.0,Ecom,
T0003374,2026-04-18,ST001,C00265,SKU046,1,59.06,2.76,23.0,Store,CMP018
T0003375,2026-04-18,ST006,,SKU017,2,213.31,0.0,101.0,Store,
T0003376,2026-04-18,ST013,C00175,SKU045,1,50.18,4.92,20.5,Store,CMP003
T0003377,2026-04-18,ST019,C00201,SKU033,3,268.27,0.0,121.5,Ecom,CMP004
T0003378,2026-04-18,ST011,C00221,SKU041,2,46.37,0.0,21.0,Store,
T0003379,2026-04-19,ST017,C00196,SKU033,1,99.14,9.72,40.5,Store,
T0003380,2026-04-19,ST007,C00027,SKU025,1,45.26,0.0,20.5,Store,
T0003381,2026-04-19,ST019,C00051,SKU002,2,57.41,0.0,26.0,Store,
T0003382,2026-04-19,ST009,C00142,SKU031,1,91.16,4.26,35.5,Store,
T0003383,2026-04-19,ST019,,SKU040,1,17.66,0.0,8.0,Ecom,
T0003384,2026-04-19,ST009,C00166,SKU034,2,210.53,20.64,86.0,Store,CMP023
T0003385,2026-04-19,ST010,C00063,SKU005,1,38.38,4.92,20.5,Ecom,
T0003386,2026-04-19,ST008,C00288,SKU020,1,22.08,0.0,8.0,Ecom,
T0003387,2026-04-19,ST014,C00029,SKU031,2,149.95,0.0,71.0,Store,
T0003388,2026-04-19,ST013,,SKU032,1,93.02,9.12,38.0,Store,
T0003389,2026-04-20,ST017,C00170,SKU048,1,75.26,0.0,28.0,Store,
T0003390,2026-04-20,ST018,C00082,SKU043,1,32.74,0.0,15.5,Ecom,
T0003391,2026-04-20,ST004,C00126,SKU034,1,118.68,0.0,43.0,Store,
T0003392,2026-04-20,ST011,C00153,SKU028,1,58.46,3.36,28.0,Store,
T0003393,2026-04-20,ST016,,SKU033,3,335.34,0.0,121.5,Store,
T0003394,2026-04-20,ST016,C00295,SKU018,1,133.56,12.72,53.0,Store,
T0003395,2026-04-21,ST008,C00042,SKU023,3,128.34,0.0,46.5,Store,
T0003396,2026-04-21,ST011,C00258,SKU039,2,231.77,13.32,111.0,Store,CMP023
T0003397,2026-04-21,ST009,C00033,SKU006,2,123.65,0.0,46.0,Store,
T0003398,2026-04-21,ST006,C00062,SKU028,2,118.27,0.0,56.0,Store,
T0003399,2026-04-21,ST014,C00138,SKU017,1,106.66,0.0,50.5,Store,
T0003400,2026-04-21,ST012,C00160,SKU050,2,166.32,15.84,66.0,Store,
T0003401,2026-04-22,ST014,C00005,SKU016,2,202.75,0.0,96.0,Store,
T0003402,2026-04-22,ST017,,SKU012,1,102.14,0.0,38.0,Store,
T0003403,2026-04-22,ST011,C00080,SKU037,1,111.5,0.0,50.5,Store,CMP017
T0003404,2026-04-22,ST018,C00086,SKU048,1,55.78,3.36,28.0,Store,
T0003405,2026-04-22,ST017,C00026,SKU050,3,242.35,23.76,99.0,Store,
T0003406,2026-04-22,ST007,C00284,SKU013,1,89.42,0.0,40.5,Store,
T0003407,2026-04-23,ST008,C00270,SKU024,1,47.52,2.16,18.0,Store,CMP012
T0003408,2026-04-23,ST009,C00177,SKU027,1,68.54,0.0,25.5,Store,
T0003409,2026-04-23,ST014,C00207,SKU032,1,80.26,0.0,38.0,Store,
T0003410,2026-04-23,ST011,C00154,SKU048,1,61.82,0.0,28.0,Store,CMP023
T0003411,2026-04-23,ST017,C00079,SKU023,2,83.33,0.0,31.0,Store,
T0003412,2026-04-23,ST003,C00112,SKU023,1,34.22,0.0,15.5,Store,
T0003413,2026-04-24,ST011,C00082,SKU036,1,100.22,5.76,48.0,Store,CMP020
T0003414,2026-04-24,ST016,C00148,SKU042,2,71.76,0.0,26.0,Store,
T0003415,2026-04-24,ST001,C00043,SKU031,1,86.9,8.52,35.5,Ecom,
T0003416,2026-04-24,ST020,,SKU033,1,111.78,0.0,40.5,Store,CMP019
T0003417,2026-04-24,ST009,,SKU020,1,21.5,0.0,8.0,Store,
T0003418,2026-04-24,ST014,C00092,SKU018,1,111.94,0.0,53.0,Store,
T0003419,2026-04-25,ST019,C00228,SKU031,1,74.12,4.26,35.5,Store,
T0003420,2026-04-25,ST002,,SKU031,1,66.46,8.52,35.5,Store,CMP023
T0003421,2026-04-25,ST010,C00222,SKU015,1,90.64,5.46,45.5,Ecom,CMP014
T0003422,2026-04-25,ST006,C00299,SKU010,1,61.78,7.92,33.0,Store,
T0003423,2026-04-25,ST013,C00058,SKU045,1,55.1,0.0,20.5,Store,
T0003424,2026-04-25,ST002,,SKU043,1,32.74,0.0,15.5,Store,
T0003425,2026-04-25,ST008,C00135,SKU050,1,91.08,0.0,33.0,Store,
T0003426,2026-04-25,ST018,C00181,SKU031,3,212.15,12.78,106.5,Store,
T0003427,2026-04-25,ST009,C00139,SKU007,1,65.48,3.06,25.5,Store,
T0003428,2026-04-25,ST011,C00110,SKU042,1,28.7,0.0,13.0,Store,CMP005
T0003429,2026-04-26,ST012,C00299,SKU023,2,85.56,0.0,31.0,Store,
T0003430,2026-04-26,ST016,C00051,SKU024,1,47.52,2.16,18.0,Ecom,CMP017
T0003431,2026-04-26,ST009,C00100,SKU041,1,28.22,0.0,10.5,Store,CMP024
T0003432,2026-04-26,ST010,,SKU029,1,64.42,0.0,30.5,Ecom,CMP019
T0003433,2026-04-26,ST015,C00131,SKU041,2,43.85,2.52,21.0,Store,
T0003434,2026-04-26,ST008,C00179,SKU019,2,279.72,26.64,111.0,Store,
T0003435,2026-04-26,ST007,C00191,SKU032,2,158.69,9.12,76.0,Store,CMP015
T0003436,2026-04-26,ST020,,SKU025,1,56.58,0.0,20.5,Store,
T0003437,2026-04-26,ST002,,SKU049,2,121.51,7.32,61.0,Ecom,
T0003438,2026-04-26,ST009,,SKU037,1,123.62,12.12,50.5,Store,CMP017
T0003439,2026-04-27,ST004,C00080,SKU026,1,63.48,0.0,23.0,Ecom,
T0003440,2026-04-27,ST018,C00300,SKU050,1,65.74,3.96,33.0,Store,
T0003441,2026-04-27,ST007,C00123,SKU028,1,61.82,0.0,28.0,Store,
T0003442,2026-04-27,ST002,,SKU032,1,71.14,9.12,38.0,Store,
T0003443,2026-04-27,ST003,C00177,SKU014,2,189.89,0.0,86.0,Store,
T0003444,2026-04-27,ST007,C00159,SKU004,1,39.74,0.0,18.0,Store,
T0003445,2026-04-28,ST013,C00161,SKU044,1,44.06,4.32,18.0,Ecom,
T0003446,2026-04-28,ST003,C00012,SKU045,1,45.26,0.0,20.5,Ecom,
T0003447,2026-04-28,ST008,C00224,SKU024,2,90.72,8.64,36.0,Store,
T0003448,2026-04-28,ST001,C00176,SKU033,1,104.0,4.86,40.5,Store,CMP024
T0003449,2026-04-28,ST019,C00035,SKU017,1,99.38,12.12,50.5,Store,
T0003450,2026-04-28,ST014,,SKU038,2,223.87,0.0,106.0,Ecom,
T0003451,2026-04-29,ST006,C00086,SKU005,1,43.3,0.0,20.5,Store,
T0003452,2026-04-29,ST004,C00280,SKU038,1,146.28,0.0,53.0,Ecom,
T0003453,2026-04-29,ST010,C00164,SKU026,1,48.58,0.0,23.0,Store,
T0003454,2026-04-29,ST012,C00192,SKU045,1,56.58,0.0,20.5,Ecom,
T0003455,2026-04-29,ST004,,SKU034,2,216.72,20.64,86.0,Ecom,
T0003456,2026-04-29,ST011,C00231,SKU006,1,50.78,0.0,23.0,Store,
T0003457,2026-04-30,ST007,C00277,SKU036,1,94.46,11.52,48.0,Store,CMP024
T0003458,2026-04-30,ST010,,SKU050,2,139.39,0.0,66.0,Ecom,
T0003459,2026-04-30,ST009,C00085,SKU025,1,55.1,0.0,20.5,Store,CMP017
T0003460,2026-04-30,ST008,C00031,SKU021,2,57.96,0.0,21.0,Store,CMP006
T0003461,2026-04-30,ST013,C00261,SKU001,1,26.96,1.26,10.5,Store,
T0003462,2026-04-30,ST016,C00006,SKU003,3,122.76,5.58,46.5,Ecom,
T0003463,2026-05-01,ST008,C00074,SKU050,2,182.16,0.0,66.0,Store,CMP014
T0003464,2026-05-01,ST003,C00049,SKU041,1,23.18,0.0,10.5,Store,
T0003465,2026-05-01,ST017,C00154,SKU026,1,59.06,2.76,23.0,Store,
T0003466,2026-05-01,ST008,C00153,SKU043,1,40.92,1.86,15.5,Store,CMP014
T0003467,2026-05-01,ST004,C00206,SKU038,1,146.28,0.0,53.0,Store,
T0003468,2026-05-01,ST009,,SKU037,1,129.68,6.06,50.5,Store,
T0003469,2026-05-02,ST005,C00059,SKU022,2,63.65,6.24,26.0,Store,
T0003470,2026-05-02,ST018,C00192,SKU005,1,43.3,0.0,20.5,Store,CMP018
T0003471,2026-05-02,ST013,C00237,SKU030,1,88.7,0.0,33.0,Ecom,
T0003472,2026-05-02,ST003,C00204,SKU039,2,245.09,0.0,111.0,Store,
T0003473,2026-05-02,ST001,C00217,SKU009,1,81.98,0.0,30.5,Store,
T0003474,2026-05-02,ST012,C00073,SKU018,2,267.12,25.44,106.0,Store,CMP012
T0003475,2026-05-02,ST017,C00043,SKU020,1,21.5,0.0,8.0,Ecom,
T0003476,2026-05-02,ST011,C00174,SKU006,2,96.05,5.52,46.0,Ecom,
T0003477,2026-05-02,ST012,,SKU008,1,77.28,0.0,28.0,Ecom,
T0003478,2026-05-02,ST003,C00126,SKU010,1,64.94,7.92,33.0,Store,
T0003479,2026-05-03,ST019,C00297,SKU046,1,50.78,0.0,23.0,Ecom,
T0003480,2026-05-03,ST020,,SKU030,3,273.24,0.0,99.0,Store,
T0003481,2026-05-03,ST007,C00257,SKU003,1,34.22,0.0,15.5,Store,
T0003482,2026-05-03,ST005,C00196,SKU017,1,135.74,0.0,50.5,Store,
T0003483,2026-05-03,ST008,C00285,SKU049,1,84.18,0.0,30.5,Store,CMP013
T0003484,2026-05-03,ST004,C00207,SKU049,1,80.52,3.66,30.5,Store,
T0003485,2026-05-03,ST009,C00233,SKU015,1,122.3,0.0,45.5,Store,
T0003486,2026-05-03,ST016,C00117,SKU049,1,84.18,0.0,30.5,Store,
T0003487,2026-05-03,ST015,C00256,SKU022,2,57.41,0.0,26.0,Store,
T0003488,2026-05-03,ST001,C00274,SKU020,2,39.17,3.84,16.0,Ecom,
T0003489,2026-05-04,ST015,C00060,SKU047,1,56.3,0.0,25.5,Ecom,
T0003490,2026-05-04,ST010,C00233,SKU011,1,66.46,8.52,35.5,Store,
T0003491,2026-05-04,ST019,C00245,SKU046,1,50.78,0.0,23.0,Store,CMP002
T0003492,2026-05-04,ST019,C00231,SKU031,1,78.38,0.0,35.5,Store,
T0003493,2026-05-04,ST017,C00078,SKU037,1,123.62,12.12,50.5,Store,CMP017
T0003494,2026-05-04,ST001,C00006,SKU049,1,81.98,0.0,30.5,Store,
T0003495,2026-05-05,ST012,C00223,SKU048,1,70.56,6.72,28.0,Store,
T0003496,2026-05-05,ST014,C00068,SKU005,3,115.13,14.76,61.5,Store,
T0003497,2026-05-05,ST015,C00225,SKU029,1,63.68,3.66,30.5,Store,CMP021
T0003498,2026-05-05,ST019,C00115,SKU027,1,50.18,6.12,25.5,Ecom,CMP024
T0003499,2026-05-05,ST015,C00044,SKU005,1,42.8,2.46,20.5,Ecom,
T0003500,2026-05-05,ST004,C00215,SKU009,1,84.18,0.0,30.5,Ecom,
T0003501,2026-05-06,ST006,C00119,SKU019,1,117.22,0.0,55.5,Store,CMP005
T0003502,2026-05-06,ST019,C00195,SKU015,1,95.0,5.46,45.5,Ecom,
T0003503,2026-05-06,ST013,C00133,SKU037,2,271.49,0.0,101.0,Store,
T0003504,2026-05-06,ST005,C00276,SKU013,2,217.73,0.0,81.0,Store,
T0003505,2026-05-06,ST003,C00125,SKU009,1,67.34,0.0,30.5,Ecom,CMP013
T0003506,2026-05-06,ST009,C00285,SKU017,1,123.62,12.12,50.5,Ecom,
T0003507,2026-05-07,ST008,,SKU007,1,64.26,6.12,25.5,Store,
T0003508,2026-05-07,ST012,C00074,SKU023,1,42.78,0.0,15.5,Ecom,
T0003509,2026-05-07,ST014,C00068,SKU049,1,64.42,0.0,30.5,Ecom,
T0003510,2026-05-07,ST014,C00229,SKU036,1,101.38,0.0,48.0,Store,
T0003511,2026-05-07,ST019,C00128,SKU009,2,127.37,7.32,61.0,Store,CMP003
T0003512,2026-05-07,ST011,C00213,SKU036,3,283.39,34.56,144.0,Store,
T0003513,2026-05-08,ST018,C00248,SKU031,1,66.46,8.52,35.5,Ecom,
T0003514,2026-05-08,ST003,C00159,SKU017,1,105.44,6.06,50.5,Store,CMP004
T0003515,2026-05-08,ST019,C00059,SKU026,1,50.78,0.0,23.0,Store,CMP006
T0003516,2026-05-08,ST017,C00010,SKU001,1,28.22,0.0,10.5,Store,CMP016
T0003517,2026-05-08,ST003,C00076,SKU010,1,72.86,0.0,33.0,Store,CMP016
T0003518,2026-05-08,ST012,,SKU018,1,139.92,6.36,53.0,Store,
T0003519,2026-05-09,ST003,C00138,SKU004,1,39.74,0.0,18.0,Store,
T0003520,2026-05-09,ST001,,SKU050,1,80.78,7.92,33.0,Store,
T0003521,2026-05-09,ST002,C00204,SKU015,1,85.18,10.92,45.5,Store,
T0003522,2026-05-09,ST018,C00294,SKU013,3,227.45,29.16,121.5,Store,
T0003523,2026-05-09,ST008,C00204,SKU045,1,56.58,0.0,20.5,Ecom,
T0003524,2026-05-09,ST009,C00079,SKU022,1,33.38,1.56,13.0,Store,
T0003525,2026-05-09,ST018,C00052,SKU022,1,25.9,1.56,13.0,Store,CMP012
T0003526,2026-05-09,ST004,C00248,SKU037,1,139.38,0.0,50.5,Store,
T0003527,2026-05-09,ST019,,SKU009,2,134.69,0.0,61.0,Ecom,
T0003528,2026-05-09,ST005,C00077,SKU016,3,369.79,17.28,144.0,Ecom,
T0003529,2026-05-10,ST019,C00245,SKU042,1,25.58,3.12,13.0,Store,CMP004
T0003530,2026-05-10,ST012,C00040,SKU021,1,28.98,0.0,10.5,Store,
T0003531,2026-05-10,ST003,C00010,SKU019,2,231.77,13.32,111.0,Ecom,
T0003532,2026-05-10,ST010,C00159,SKU045,2,86.59,0.0,41.0,Store,
T0003533,2026-05-10,ST008,C00198,SKU038,1,133.56,12.72,53.0,Store,CMP018
T0003534,2026-05-10,ST003,C00295,SKU012,3,238.03,13.68,114.0,Store,
T0003535,2026-05-10,ST014,C00246,SKU046,1,48.58,0.0,23.0,Store,
T0003536,2026-05-10,ST007,C00156,SKU041,1,21.92,1.26,10.5,Store,
T0003537,2026-05-10,ST013,C00173,SKU024,2,96.77,0.0,36.0,Ecom,CMP017
T0003538,2026-05-10,ST002,C00293,SKU011,1,74.98,0.0,35.5,Store,CMP018
T0003539,2026-05-11,ST010,C00298,SKU009,2,128.83,0.0,61.0,Ecom,
T0003540,2026-05-11,ST019,,SKU019,1,122.54,0.0,55.5,Store,
T0003541,2026-05-11,ST005,C00208,SKU019,1,149.18,0.0,55.5,Store,CMP009
T0003542,2026-05-11,ST002,C00119,SKU015,1,96.1,0.0,45.5,Store,
T0003543,2026-05-11,ST002,C00076,SKU007,1,53.86,0.0,25.5,Store,
T0003544,2026-05-11,ST015,C00203,SKU012,1,83.9,0.0,38.0,Store,CMP011
T0003545,2026-05-12,ST001,C00268,SKU001,1,25.7,2.52,10.5,Store,
T0003546,2026-05-12,ST011,C00140,SKU040,1,17.66,0.0,8.0,Store,CMP019
T0003547,2026-05-12,ST008,C00166,SKU049,1,80.52,3.66,30.5,Store,
T0003548,2026-05-12,ST016,C00128,SKU006,2,126.96,0.0,46.0,Store,
T0003549,2026-05-12,ST006,C00121,SKU048,1,59.14,0.0,28.0,Store,CMP007
T0003550,2026-05-12,ST019,C00029,SKU002,1,27.14,1.56,13.0,Ecom,
T0003551,2026-05-13,ST010,C00258,SKU020,1,16.9,0.0,8.0,Store,
T0003552,2026-05-13,ST002,C00091,SKU046,1,48.58,0.0,23.0,Store,
T0003553,2026-05-13,ST005,C00032,SKU047,2,130.97,6.12,51.0,Ecom,
T0003554,2026-05-13,ST009,C00101,SKU037,1,135.74,0.0,50.5,Store,
T0003555,2026-05-13,ST001,C00109,SKU018,2,259.49,25.44,106.0,Ecom,
T0003556,2026-05-13,ST012,C00286,SKU012,1,104.88,0.0,38.0,Store,
T0003557,2026-05-14,ST017,C00127,SKU007,1,65.48,3.06,25.5,Store,CMP011
T0003558,2026-05-14,ST007,C00118,SKU004,1,39.74,0.0,18.0,Store,
T0003559,2026-05-14,ST016,,SKU017,1,139.38,0.0,50.5,Store,CMP015
T0003560,2026-05-14,ST008,C00166,SKU015,2,240.24,10.92,91.0,Ecom,CMP008
T0003561,2026-05-14,ST011,C00250,SKU007,2,112.61,0.0,51.0,Store,
T0003562,2026-05-14,ST016,C00137,SKU004,1,49.68,0.0,18.0,Ecom,CMP005
T0003563,2026-05-15,ST010,C00037,SKU022,1,24.34,3.12,13.0,Ecom,CMP012
T0003564,2026-05-15,ST005,C00019,SKU021,3,77.11,7.56,31.5,Ecom,CMP003
T0003565,2026-05-15,ST012,C00115,SKU002,2,71.76,0.0,26.0,Store,
T0003566,2026-05-15,ST003,C00241,SKU040,1,16.7,0.96,8.0,Store,
T0003567,2026-05-15,ST016,C00201,SKU008,1,77.28,0.0,28.0,Store,CMP017
T0003568,2026-05-15,ST005,C00009,SKU018,2,272.21,12.72,106.0,Store,CMP014
T0003569,2026-05-16,ST003,C00275,SKU043,1,32.36,1.86,15.5,Store,CMP005
T0003570,2026-05-16,ST001,C00038,SKU030,1,88.7,0.0,33.0,Store,CMP011
T0003571,2026-05-16,ST013,C00216,SKU033,1,104.0,4.86,40.5,Store,
T0003572,2026-05-16,ST007,C00013,SKU045,2,80.69,9.84,41.0,Store,CMP019
T0003573,2026-05-16,ST002,C00214,SKU006,2,97.15,0.0,46.0,Store,
T0003574,2026-05-16,ST016,C00286,SKU033,1,102.06,9.72,40.5,Ecom,CMP009
T0003575,2026-05-16,ST013,,SKU043,3,113.83,11.16,46.5,Store,
T0003576,2026-05-16,ST017,C00181,SKU031,1,95.42,0.0,35.5,Ecom,
T0003577,2026-05-16,ST002,C00196,SKU023,1,30.88,1.86,15.5,Store,
T0003578,2026-05-16,ST006,C00269,SKU025,1,40.84,2.46,20.5,Store,
T0003579,2026-05-17,ST006,C00284,SKU001,1,22.18,0.0,10.5,Store,
T0003580,2026-05-17,ST015,C00145,SKU014,1,84.62,10.32,43.0,Store,CMP024
T0003581,2026-05-17,ST001,C00205,SKU035,1,111.38,10.92,45.5,Store,
T0003582,2026-05-17,ST019,,SKU024,1,39.74,0.0,18.0,Store,
T0003583,2026-05-17,ST015,C00247,SKU006,1,50.78,0.0,23.0,Store,
T0003584,2026-05-17,ST017,C00191,SKU047,1,62.42,6.12,25.5,Store,
T0003585,2026-05-17,ST004,C00182,SKU006,1,63.48,0.0,23.0,Ecom,
T0003586,2026-05-17,ST013,C00128,SKU014,3,346.75,0.0,129.0,Ecom,
T0003587,2026-05-17,ST015,C00076,SKU014,1,94.94,0.0,43.0,Ecom,CMP017
T0003588,2026-05-17,ST012,C00110,SKU028,1,73.92,3.36,28.0,Store,
T0003589,2026-05-18,ST008,C00051,SKU002,1,32.76,3.12,13.0,Store,
T0003590,2026-05-18,ST006,,SKU027,1,50.8,3.06,25.5,Store,
T0003591,2026-05-18,ST004,C00030,SKU010,1,91.08,0.0,33.0,Store,
T0003592,2026-05-18,ST011,C00176,SKU002,1,28.7,0.0,13.0,Ecom,
T0003593,2026-05-18,ST002,C00282,SKU043,2,58.03,7.44,31.0,Store,
T0003594,2026-05-18,ST015,C00245,SKU016,1,100.22,5.76,48.0,Store,CMP007
T0003595,2026-05-19,ST010,C00031,SKU016,1,89.86,11.52,48.0,Store,CMP008
T0003596,2026-05-19,ST020,C00116,SKU020,3,63.36,2.88,24.0,Store,
T0003597,2026-05-19,ST004,C00290,SKU029,3,241.56,10.98,91.5,Store,
T0003598,2026-05-19,ST013,C00255,SKU010,1,88.7,0.0,33.0,Ecom,CMP020
T0003599,2026-05-19,ST006,C00232,SKU010,2,131.47,7.92,66.0,Store,CMP006
T0003600,2026-05-19,ST002,C00147,SKU009,1,60.76,3.66,30.5,Store,
T0003601,2026-05-20,ST004,C00189,SKU012,1,104.88,0.0,38.0,Store,
T0003602,2026-05-20,ST017,C00260,SKU041,2,56.45,0.0,21.0,Store,
T0003603,2026-05-20,ST014,C00059,SKU003,2,65.47,0.0,31.0,Store,
T0003604,2026-05-20,ST018,C00249,SKU019,1,117.22,0.0,55.5,Store,
T0003605,2026-05-20,ST007,,SKU027,1,53.24,3.06,25.5,Ecom,
T0003606,2026-05-20,ST010,C00008,SKU020,1,16.9,0.0,8.0,Store,
T0003607,2026-05-21,ST018,C00098,SKU035,2,192.19,0.0,91.0,Store,
T0003608,2026-05-21,ST003,C00116,SKU020,3,52.99,0.0,24.0,Store,
T0003609,2026-05-21,ST005,C00063,SKU025,3,165.31,0.0,61.5,Store,
T0003610,2026-05-21,ST019,,SKU027,1,56.3,0.0,25.5,Ecom,
T0003611,2026-05-21,ST003,C00064,SKU033,2,159.41,19.44,81.0,Store,
T0003612,2026-05-21,ST011,C00074,SKU025,2,85.61,4.92,41.0,Store,
T0003613,2026-05-22,ST007,,SKU019,1,122.54,0.0,55.5,Store,CMP003
T0003614,2026-05-22,ST003,,SKU034,3,253.87,30.96,129.0,Store,
T0003615,2026-05-22,ST011,C00119,SKU006,1,50.78,0.0,23.0,Store,
T0003616,2026-05-22,ST001,C00020,SKU020,1,20.54,0.96,8.0,Store,CMP024
T0003617,2026-05-22,ST002,C00152,SKU025,1,38.38,4.92,20.5,Store,
T0003618,2026-05-22,ST001,,SKU013,2,217.73,0.0,81.0,Store,
T0003619,2026-05-23,ST011,C00079,SKU031,1,74.12,4.26,35.5,Ecom,
T0003620,2026-05-23,ST015,C00114,SKU047,1,53.24,3.06,25.5,Store,CMP020
T0003621,2026-05-23,ST020,C00118,SKU034,1,118.68,0.0,43.0,Store,
T0003622,2026-05-23,ST020,,SKU019,2,293.04,13.32,111.0,Store,
T0003623,2026-05-23,ST013,C00219,SKU002,2,66.77,3.12,26.0,Ecom,
T0003624,2026-05-23,ST018,C00204,SKU003,1,32.74,0.0,15.5,Store,CMP018
T0003625,2026-05-23,ST011,C00049,SKU019,1,122.54,0.0,55.5,Store,
T0003626,2026-05-23,ST010,,SKU002,1,24.34,3.12,13.0,Store,
T0003627,2026-05-23,ST018,C00299,SKU025,2,76.75,9.84,41.0,Store,CMP009
T0003628,2026-05-23,ST015,C00127,SKU001,1,23.18,0.0,10.5,Ecom,CMP002
T0003629,2026-05-24,ST015,,SKU030,1,68.9,3.96,33.0,Ecom,
T0003630,2026-05-24,ST008,C00294,SKU042,2,65.52,6.24,26.0,Ecom,CMP007
T0003631,2026-05-24,ST002,C00057,SKU029,3,193.25,0.0,91.5,Store,
T0003632,2026-05-24,ST014,C00143,SKU004,1,38.02,0.0,18.0,Store,
T0003633,2026-05-24,ST010,C00183,SKU006,1,43.06,5.52,23.0,Store,
T0003634,2026-05-24,ST008,C00266,SKU015,1,114.66,10.92,45.5,Ecom,
T0003635,2026-05-24,ST011,C00118,SKU024,1,39.74,0.0,18.0,Store,
T0003636,2026-05-24,ST007,C00125,SKU047,2,112.61,0.0,51.0,Store,
T0003637,2026-05-24,ST019,C00207,SKU038,3,351.07,0.0,159.0,Store,
T0003638,2026-05-24,ST020,C00234,SKU031,1,93.72,4.26,35.5,Ecom,CMP019
T0003639,2026-05-25,ST014,C00140,SKU045,1,43.3,0.0,20.5,Store,
T0003640,2026-05-25,ST018,C00193,SKU023,2,65.47,0.0,31.0,Store,
T0003641,2026-05-25,ST016,C00284,SKU043,1,42.78,0.0,15.5,Ecom,CMP003
T0003642,2026-05-25,ST008,C00064,SKU018,2,279.84,12.72,106.0,Store,
T0003643,2026-05-25,ST002,,SKU028,1,59.14,0.0,28.0,Store,
T0003644,2026-05-25,ST011,C00061,SKU030,2,145.73,0.0,66.0,Store,
T0003645,2026-05-26,ST013,C00286,SKU045,1,55.1,0.0,20.5,Store,
T0003646,2026-05-26,ST013,C00274,SKU014,1,110.42,5.16,43.0,Store,CMP010
T0003647,2026-05-26,ST011,C00119,SKU024,1,39.74,0.0,18.0,Store,CMP005
T0003648,2026-05-26,ST004,C00203,SKU047,1,64.26,6.12,25.5,Store,
T0003649,2026-05-26,ST005,C00029,SKU039,1,135.86,13.32,55.5,Store,
T0003650,2026-05-26,ST002,,SKU001,1,22.18,0.0,10.5,Ecom,
T0003651,2026-05-27,ST003,C00213,SKU021,1,20.66,2.52,10.5,Store,
T0003652,2026-05-27,ST009,C00264,SKU050,1,88.7,0.0,33.0,Store,
T0003653,2026-05-27,ST018,C00099,SKU033,1,85.54,0.0,40.5,Store,
T0003654,2026-05-27,ST019,,SKU040,1,15.74,1.92,8.0,Store,
T0003655,2026-05-27,ST007,C00038,SKU044,1,39.74,0.0,18.0,Store,
T0003656,2026-05-27,ST015,C00212,SKU041,2,46.37,0.0,21.0,Ecom,
T0003657,2026-05-28,ST003,C00037,SKU039,2,218.45,26.64,111.0,Ecom,
T0003658,2026-05-28,ST001,C00042,SKU027,1,65.48,3.06,25.5,Store,
T0003659,2026-05-28,ST013,C00115,SKU005,2,110.21,0.0,41.0,Ecom,CMP009
T0003660,2026-05-28,ST014,C00260,SKU039,1,103.9,13.32,55.5,Store,
T0003661,2026-05-28,ST015,C00125,SKU028,1,55.1,6.72,28.0,Store,
T0003662,2026-05-28,ST008,C00176,SKU043,1,39.06,3.72,15.5,Ecom,CMP021
T0003663,2026-05-29,ST015,C00124,SKU007,1,56.3,0.0,25.5,Store,
T0003664,2026-05-29,ST011,C00161,SKU011,1,69.86,8.52,35.5,Store,
T0003665,2026-05-29,ST010,C00128,SKU044,2,71.71,4.32,36.0,Ecom,
T0003666,2026-05-29,ST014,,SKU033,3,256.61,0.0,121.5,Store,CMP008
T0003667,2026-05-29,ST014,,SKU017,2,213.31,0.0,101.0,Store,
T0003668,2026-05-29,ST003,C00179,SKU022,1,28.7,0.0,13.0,Ecom,
T0003669,2026-05-30,ST006,C00246,SKU050,3,209.09,0.0,99.0,Store,CMP012
T0003670,2026-05-30,ST005,C00137,SKU002,3,104.83,0.0,39.0,Store,
T0003671,2026-05-30,ST006,C00203,SKU047,2,107.71,0.0,51.0,Store,CMP011
T0003672,2026-05-30,ST003,C00090,SKU035,1,100.46,0.0,45.5,Store,
T0003673,2026-05-30,ST016,C00234,SKU030,3,249.48,23.76,99.0,Ecom,CMP012
T0003674,2026-05-30,ST019,C00035,SKU021,1,23.18,0.0,10.5,Store,CMP015
T0003675,2026-05-30,ST003,,SKU005,1,42.8,2.46,20.5,Store,
T0003676,2026-05-30,ST007,C00076,SKU046,3,144.07,8.28,69.0,Store,
T0003677,2026-05-30,ST014,,SKU007,1,47.74,6.12,25.5,Ecom,
T0003678,2026-05-30,ST007,,SKU014,1,94.94,0.0,43.0,Ecom,
T0003679,2026-05-31,ST002,C00075,SKU048,1,59.14,0.0,28.0,Ecom,
T0003680,2026-05-31,ST018,C00115,SKU009,3,193.25,0.0,91.5,Store,
T0003681,2026-05-31,ST016,C00269,SKU044,1,49.68,0.0,18.0,Store,
T0003682,2026-05-31,ST014,C00149,SKU023,1,32.74,0.0,15.5,Store,CMP016
T0003683,2026-05-31,ST003,C00012,SKU040,1,17.66,0.0,8.0,Store,
T0003684,2026-05-31,ST003,C00083,SKU028,1,58.46,3.36,28.0,Store,
T0003685,2026-05-31,ST013,,SKU021,1,28.22,0.0,10.5,Store,
T0003686,2026-05-31,ST001,C00042,SKU002,1,34.94,0.0,13.0,Store,
T0003687,2026-05-31,ST009,C00220,SKU046,2,123.65,0.0,46.0,Store,
T0003688,2026-05-31,ST014,C00069,SKU001,1,22.18,0.0,10.5,Store,CMP024
T0003689,2026-06-01,ST008,C00098,SKU001,1,28.98,0.0,10.5,Store,
T0003690,2026-06-01,ST007,C00105,SKU030,1,68.9,3.96,33.0,Store,
T0003691,2026-06-01,ST018,C00058,SKU002,2,51.79,3.12,26.0,Ecom,CMP014
T0003692,2026-06-01,ST014,C00286,SKU040,1,16.9,0.0,8.0,Ecom,CMP007
T0003693,2026-06-01,ST009,C00130,SKU024,1,48.38,0.0,18.0,Store,
T0003694,2026-06-01,ST009,C00016,SKU038,1,142.46,0.0,53.0,Ecom,
T0003695,2026-06-02,ST018,,SKU002,2,54.91,0.0,26.0,Store,
T0003696,2026-06-02,ST019,C00088,SKU027,1,50.18,6.12,25.5,Store,CMP004
T0003697,2026-06-02,ST001,C00209,SKU021,1,26.96,1.26,10.5,Ecom,CMP024
T0003698,2026-06-02,ST004,C00170,SKU022,1,35.88,0.0,13.0,Store,
T0003699,2026-06-02,ST018,C00281,SKU004,1,35.86,2.16,18.0,Store,
T0003700,2026-06-02,ST008,C00030,SKU023,3,128.34,0.0,46.5,Store,
T0003701,2026-06-03,ST011,C00102,SKU048,1,61.82,0.0,28.0,Store,
T0003702,2026-06-03,ST011,C00167,SKU050,1,68.9,3.96,33.0,Store,
T0003703,2026-06-03,ST018,C00206,SKU036,1,101.38,0.0,48.0,Store,
T0003704,2026-06-03,ST019,C00011,SKU002,1,28.7,0.0,13.0,Store,
T0003705,2026-06-03,ST017,C00242,SKU001,1,25.7,2.52,10.5,Ecom,
T0003706,2026-06-03,ST010,C00113,SKU009,1,64.42,0.0,30.5,Ecom,
T0003707,2026-06-04,ST012,C00024,SKU039,1,153.18,0.0,55.5,Store,
T0003708,2026-06-04,ST015,C00046,SKU032,1,83.9,0.0,38.0,Ecom,
T0003709,2026-06-04,ST018,,SKU015,1,96.1,0.0,45.5,Ecom,
T0003710,2026-06-04,ST015,C00054,SKU017,1,105.44,6.06,50.5,Ecom,CMP019
T0003711,2026-06-04,ST012,C00020,SKU034,2,237.36,0.0,86.0,Store,
T0003712,2026-06-04,ST006,,SKU012,1,75.7,4.56,38.0,Store,
T0003713,2026-06-05,ST013,,SKU004,1,48.38,0.0,18.0,Store,
T0003714,2026-06-05,ST003,C00296,SKU009,2,120.05,14.64,61.0,Store,
T0003715,2026-06-05,ST016,C00055,SKU018,2,292.56,0.0,106.0,Store,
T0003716,2026-06-05,ST016,C00065,SKU037,1,139.38,0.0,50.5,Ecom,
T0003717,2026-06-05,ST008,C00249,SKU014,2,216.72,20.64,86.0,Ecom,
T0003718,2026-06-05,ST005,C00288,SKU033,2,198.29,19.44,81.0,Store,
T0003719,2026-06-06,ST018,C00121,SKU050,3,197.21,11.88,99.0,Store,
T0003720,2026-06-06,ST019,C00241,SKU001,1,20.66,2.52,10.5,Store,
T0003721,2026-06-06,ST020,C00153,SKU047,2,140.76,0.0,51.0,Ecom,
T0003722,2026-06-06,ST009,C00023,SKU020,1,19.58,1.92,8.0,Store,
T0003723,2026-06-06,ST014,C00176,SKU009,1,64.42,0.0,30.5,Store,
T0003724,2026-06-06,ST012,,SKU037,1,139.38,0.0,50.5,Store,CMP019
T0003725,2026-06-06,ST017,C00265,SKU014,1,105.26,10.32,43.0,Store,
T0003726,2026-06-06,ST020,C00220,SKU046,1,63.48,0.0,23.0,Ecom,
T0003727,2026-06-06,ST016,C00283,SKU022,1,34.32,1.56,13.0,Ecom,
T0003728,2026-06-06,ST007,C00251,SKU020,2,35.33,0.0,16.0,Store,CMP015
T0003729,2026-06-07,ST004,C00239,SKU044,3,149.04,0.0,54.0,Store,
T0003730,2026-06-07,ST007,C00002,SKU021,1,20.66,2.52,10.5,Store,CMP019
T0003731,2026-06-07,ST007,C00257,SKU013,1,89.42,0.0,40.5,Store,CMP007
T0003732,2026-06-07,ST019,C00284,SKU039,1,122.54,0.0,55.5,Store,
T0003733,2026-06-07,ST005,C00162,SKU044,1,46.22,2.16,18.0,Store,CMP023
T0003734,2026-06-07,ST011,C00231,SKU008,1,55.1,6.72,28.0,Store,
T0003735,2026-06-07,ST005,C00250,SKU016,1,123.26,5.76,48.0,Store,
T0003736,2026-06-07,ST002,C00183,SKU038,1,111.94,0.0,53.0,Ecom,
T0003737,2026-06-07,ST002,,SKU010,1,65.74,3.96,33.0,Store,CMP007
T0003738,2026-06-07,ST010,C00185,SKU017,1,100.6,6.06,50.5,Store,
T0003739,2026-06-08,ST006,C00128,SKU007,3,143.21,18.36,76.5,Store,CMP021
T0003740,2026-06-08,ST001,C00225,SKU027,2,137.09,0.0,51.0,Store,
T0003741,2026-06-08,ST005,C00014,SKU035,1,122.3,0.0,45.5,Store,
T0003742,2026-06-08,ST012,C00132,SKU016,1,132.48,0.0,48.0,Store,
T0003743,2026-06-08,ST011,C00209,SKU004,1,39.74,0.0,18.0,Store,
T0003744,2026-06-08,ST016,C00160,SKU050,3,273.24,0.0,99.0,Store,CMP005
T0003745,2026-06-09,ST007,C00032,SKU037,1,105.44,6.06,50.5,Store,CMP017
T0003746,2026-06-09,ST008,C00073,SKU026,3,182.16,8.28,69.0,Store,
T0003747,2026-06-09,ST006,C00032,SKU044,1,38.02,0.0,18.0,Store,
T0003748,2026-06-09,ST013,C00020,SKU007,1,65.48,3.06,25.5,Store,CMP024
T0003749,2026-06-09,ST011,,SKU044,1,39.74,0.0,18.0,Store,
T0003750,2026-06-09,ST010,,SKU040,1,15.94,0.96,8.0,Ecom,
T0003751,2026-06-10,ST013,C00283,SKU012,1,102.14,0.0,38.0,Ecom,
T0003752,2026-06-10,ST019,C00038,SKU048,2,123.65,0.0,56.0,Store,
T0003753,2026-06-10,ST020,,SKU010,2,182.16,0.0,66.0,Store,CMP003
T0003754,2026-06-10,ST014,C00287,SKU003,1,32.74,0.0,15.5,Store,
T0003755,2026-06-10,ST015,C00233,SKU048,2,123.65,0.0,56.0,Store,
T0003756,2026-06-10,ST016,C00228,SKU048,2,141.12,13.44,56.0,Store,
T0003757,2026-06-11,ST007,C00266,SKU010,2,145.73,0.0,66.0,Ecom,
T0003758,2026-06-11,ST006,C00284,SKU027,1,53.86,0.0,25.5,Store,CMP023
T0003759,2026-06-11,ST017,C00139,SKU038,1,142.46,0.0,53.0,Store,
T0003760,2026-06-11,ST001,C00136,SKU042,1,34.94,0.0,13.0,Ecom,
T0003761,2026-06-11,ST006,C00232,SKU024,1,38.02,0.0,18.0,Store,
T0003762,2026-06-11,ST018,,SKU017,1,94.54,12.12,50.5,Store,CMP011
T0003763,2026-06-12,ST015,C00223,SKU050,1,64.94,7.92,33.0,Store,
T0003764,2026-06-12,ST005,C00205,SKU035,1,111.38,10.92,45.5,Ecom,CMP005
T0003765,2026-06-12,ST003,C00194,SKU046,1,48.02,2.76,23.0,Store,CMP011
T0003766,2026-06-12,ST016,C00218,SKU005,1,54.12,2.46,20.5,Store,
T0003767,2026-06-12,ST017,C00039,SKU001,1,26.96,1.26,10.5,Ecom,
T0003768,2026-06-12,ST019,C00074,SKU024,1,35.42,4.32,18.0,Ecom,CMP004
T0003769,2026-06-13,ST009,C00185,SKU009,1,81.98,0.0,30.5,Store,
T0003770,2026-06-13,ST013,,SKU002,1,31.82,3.12,13.0,Store,
T0003771,2026-06-13,ST001,C00061,SKU034,1,105.26,10.32,43.0,Store,
T0003772,2026-06-13,ST016,C00021,SKU007,1,70.38,0.0,25.5,Store,
T0003773,2026-06-13,ST010,C00116,SKU004,1,33.7,4.32,18.0,Ecom,
T0003774,2026-06-13,ST020,C00078,SKU025,1,56.58,0.0,20.5,Store,
T0003775,2026-06-13,ST011,,SKU005,3,121.03,14.76,61.5,Store,
T0003776,2026-06-13,ST016,C00255,SKU004,1,49.68,0.0,18.0,Store,CMP006
T0003777,2026-06-13,ST002,C00148,SKU010,1,69.7,0.0,33.0,Ecom,
T0003778,2026-06-13,ST008,C00090,SKU046,1,63.48,0.0,23.0,Store,
T0003779,2026-06-14,ST016,C00243,SKU024,1,47.52,2.16,18.0,Store,
T0003780,2026-06-14,ST011,C00217,SKU041,1,21.92,1.26,10.5,Store,
T0003781,2026-06-14,ST006,C00133,SKU023,1,32.74,0.0,15.5,Store,CMP003
T0003782,2026-06-14,ST004,C00109,SKU023,1,42.78,0.0,15.5,Ecom,
T0003783,2026-06-14,ST012,C00097,SKU006,1,57.96,5.52,23.0,Ecom,
T0003784,2026-06-14,ST014,C00294,SKU049,2,114.19,14.64,61.0,Store,
T0003785,2026-06-14,ST013,C00272,SKU050,1,84.74,3.96,33.0,Ecom,
T0003786,2026-06-14,ST015,C00024,SKU020,2,31.49,3.84,16.0,Ecom,
T0003787,2026-06-14,ST017,,SKU033,1,99.14,9.72,40.5,Store,CMP002
T0003788,2026-06-14,ST011,C00146,SKU033,2,178.85,0.0,81.0,Store,
T0003789,2026-06-15,ST001,C00286,SKU037,1,135.74,0.0,50.5,Store,CMP008
T0003790,2026-06-15,ST015,C00050,SKU048,2,123.65,0.0,56.0,Store,
T0003791,2026-06-15,ST017,C00037,SKU024,3,145.15,0.0,54.0,Store,
T0003792,2026-06-15,ST017,C00165,SKU040,1,21.5,0.0,8.0,Ecom,CMP012
T0003793,2026-06-15,ST014,C00108,SKU008,1,55.78,3.36,28.0,Store,
T0003794,2026-06-15,ST009,C00273,SKU045,1,55.1,0.0,20.5,Store,
T0003795,2026-06-16,ST014,C00254,SKU017,1,106.66,0.0,50.5,Store,CMP011
T0003796,2026-06-16,ST006,C00248,SKU037,3,283.61,36.36,151.5,Store,
T0003797,2026-06-16,ST005,C00145,SKU005,1,55.1,0.0,20.5,Store,
T0003798,2026-06-16,ST015,C00151,SKU020,1,17.66,0.0,8.0,Ecom,
T0003799,2026-06-16,ST016,C00130,SKU047,1,70.38,0.0,25.5,Store,CMP014
T0003800,2026-06-16,ST006,C00025,SKU032,2,160.51,0.0,76.0,Store,
T0003801,2026-06-17,ST006,C00220,SKU028,1,52.42,6.72,28.0,Store,
T0003802,2026-06-17,ST019,C00241,SKU035,1,100.46,0.0,45.5,Store,
T0003803,2026-06-17,ST015,C00036,SKU049,1,67.34,0.0,30.5,Ecom,CMP020
T0003804,2026-06-17,ST005,C00110,SKU047,1,68.54,0.0,25.5,Ecom,
T0003805,2026-06-17,ST014,C00171,SKU012,1,80.26,0.0,38.0,Store,
T0003806,2026-06-17,ST009,C00265,SKU025,1,55.1,0.0,20.5,Ecom,CMP009
T0003807,2026-06-18,ST017,C00246,SKU019,1,142.52,6.66,55.5,Store,
T0003808,2026-06-18,ST014,C00036,SKU008,3,167.33,10.08,84.0,Store,
T0003809,2026-06-18,ST005,C00032,SKU045,3,157.93,7.38,61.5,Store,CMP014
T0003810,2026-06-18,ST009,,SKU034,1,115.58,0.0,43.0,Store,CMP002
T0003811,2026-06-18,ST005,C00154,SKU029,1,81.98,0.0,30.5,Ecom,CMP015
T0003812,2026-06-18,ST006,C00252,SKU042,1,25.9,1.56,13.0,Store,
T0003813,2026-06-19,ST010,C00181,SKU030,1,69.7,0.0,33.0,Store,
T0003814,2026-06-19,ST003,C00008,SKU014,1,94.94,0.0,43.0,Store,
T0003815,2026-06-19,ST002,C00164,SKU026,1,48.58,0.0,23.0,Ecom,
T0003816,2026-06-19,ST011,C00119,SKU033,1,89.42,0.0,40.5,Store,
T0003817,2026-06-19,ST017,C00283,SKU002,1,34.94,0.0,13.0,Store,
T0003818,2026-06-19,ST006,C00277,SKU043,1,29.02,3.72,15.5,Ecom,CMP011
T0003819,2026-06-20,ST020,C00270,SKU018,2,292.56,0.0,106.0,Ecom,
T0003820,2026-06-20,ST018,C00019,SKU019,1,117.22,0.0,55.5,Store,CMP022
T0003821,2026-06-20,ST006,C00236,SKU040,1,16.9,0.0,8.0,Ecom,CMP006
T0003822,2026-06-20,ST007,C00268,SKU028,1,61.82,0.0,28.0,Ecom,CMP015
T0003823,2026-06-20,ST016,C00219,SKU035,3,376.74,0.0,136.5,Store,CMP005
T0003824,2026-06-20,ST013,C00077,SKU002,1,33.38,1.56,13.0,Store,
T0003825,2026-06-20,ST009,C00004,SKU029,1,74.66,7.32,30.5,Store,CMP008
T0003826,2026-06-20,ST012,C00189,SKU049,1,84.18,0.0,30.5,Store,
T0003827,2026-06-20,ST005,C00019,SKU029,1,81.98,0.0,30.5,Store,CMP017
T0003828,2026-06-20,ST019,C00065,SKU031,2,156.77,0.0,71.0,Store,
T0003829,2026-06-21,ST005,C00230,SKU011,3,286.27,0.0,106.5,Store,
T0003830,2026-06-21,ST009,C00079,SKU003,1,41.66,0.0,15.5,Store,
T0003831,2026-06-21,ST020,C00115,SKU047,3,201.96,9.18,76.5,Ecom,
T0003832,2026-06-21,ST002,,SKU019,1,103.9,13.32,55.5,Ecom,
T0003833,2026-06-21,ST012,C00147,SKU038,1,139.92,6.36,53.0,Ecom,CMP013
T0003834,2026-06-21,ST011,C00153,SKU025,3,135.79,0.0,61.5,Ecom,
T0003835,2026-06-21,ST009,C00256,SKU048,2,150.53,0.0,56.0,Store,CMP006
T0003836,2026-06-21,ST003,C00279,SKU045,1,45.26,0.0,20.5,Ecom,
T0003837,2026-06-21,ST015,,SKU002,2,57.41,0.0,26.0,Store,CMP020
T0003838,2026-06-21,ST011,C00143,SKU038,3,331.99,19.08,159.0,Store,CMP016
T0003839,2026-06-22,ST018,C00031,SKU039,1,117.22,0.0,55.5,Store,CMP008
T0003840,2026-06-22,ST001,,SKU045,2,100.37,9.84,41.0,Ecom,
T0003841,2026-06-22,ST013,C00127,SKU010,1,80.78,7.92,33.0,Store,
T0003842,2026-06-22,ST018,C00020,SKU050,1,69.7,0.0,33.0,Store,
T0003843,2026-06-22,ST007,C00102,SKU014,1,89.78,5.16,43.0,Store,CMP021
T0003844,2026-06-22,ST016,C00236,SKU011,1,97.98,0.0,35.5,Store,
T0003845,2026-06-23,ST014,C00237,SKU043,1,29.02,3.72,15.5,Store,
T0003846,2026-06-23,ST016,C00292,SKU022,1,35.88,0.0,13.0,Store,CMP011
T0003847,2026-06-23,ST008,C00069,SKU045,1,56.58,0.0,20.5,Store,
T0003848,2026-06-23,ST012,C00287,SKU019,1,153.18,0.0,55.5,Store,
T0003849,2026-06-23,ST005,C00188,SKU048,1,75.26,0.0,28.0,Ecom,
T0003850,2026-06-23,ST017,C00084,SKU042,2,69.89,0.0,26.0,Store,
T0003851,2026-06-24,ST003,C00095,SKU040,1,17.66,0.0,8.0,Store,
T0003852,2026-06-24,ST011,,SKU010,1,72.86,0.0,33.0,Store,
T0003853,2026-06-24,ST020,C00014,SKU017,1,127.26,12.12,50.5,Store,CMP002
T0003854,2026-06-24,ST012,C00089,SKU044,2,99.36,0.0,36.0,Ecom,
T0003855,2026-06-24,ST010,,SKU019,2,207.79,26.64,111.0,Store,CMP014
T0003856,2026-06-24,ST001,C00091,SKU037,2,271.49,0.0,101.0,Ecom,
T0003857,2026-06-25,ST012,C00085,SKU046,1,57.96,5.52,23.0,Store,
T0003858,2026-06-25,ST001,C00245,SKU019,1,149.18,0.0,55.5,Store,CMP021
T0003859,2026-06-25,ST005,C00005,SKU021,1,25.7,2.52,10.5,Store,CMP004
T0003860,2026-06-25,ST010,C00120,SKU048,1,52.42,6.72,28.0,Store,
T0003861,2026-06-25,ST007,C00222,SKU014,1,89.78,5.16,43.0,Store,
T0003862,2026-06-25,ST006,C00066,SKU032,1,80.26,0.0,38.0,Store,CMP006
T0003863,2026-06-26,ST007,,SKU033,1,89.42,0.0,40.5,Ecom,
T0003864,2026-06-26,ST018,C00270,SKU003,3,98.21,0.0,46.5,Store,
T0003865,2026-06-26,ST003,C00212,SKU038,1,117.02,0.0,53.0,Ecom,CMP004
T0003866,2026-06-26,ST004,C00019,SKU044,1,49.68,0.0,18.0,Store,
T0003867,2026-06-26,ST013,C00106,SKU036,1,129.02,0.0,48.0,Ecom,CMP014
T0003868,2026-06-26,ST013,,SKU032,1,102.14,0.0,38.0,Store,
T0003869,2026-06-27,ST007,C00289,SKU045,1,45.26,0.0,20.5,Ecom,
T0003870,2026-06-27,ST016,,SKU019,2,306.36,0.0,111.0,Store,CMP024
T0003871,2026-06-27,ST006,C00128,SKU002,1,27.46,0.0,13.0,Store,
T0003872,2026-06-27,ST016,C00266,SKU005,1,54.12,2.46,20.5,Ecom,
T0003873,2026-06-27,ST016,C00079,SKU030,1,87.12,3.96,33.0,Ecom,CMP003
T0003874,2026-06-27,ST007,C00101,SKU008,1,55.1,6.72,28.0,Store,
T0003875,2026-06-27,ST002,C00226,SKU021,3,66.53,0.0,31.5,Ecom,
T0003876,2026-06-27,ST019,C00106,SKU040,1,16.7,0.96,8.0,Store,
T0003877,2026-06-27,ST012,C00207,SKU039,2,293.04,13.32,111.0,Store,
T0003878,2026-06-27,ST005,C00237,SKU050,1,84.74,3.96,33.0,Store,CMP022
T0003879,2026-06-28,ST001,C00034,SKU002,1,34.94,0.0,13.0,Store,
T0003880,2026-06-28,ST006,C00016,SKU014,2,171.31,10.32,86.0,Store,
T0003881,2026-06-28,ST016,C00278,SKU019,1,139.86,13.32,55.5,Store,CMP021
T0003882,2026-06-28,ST015,C00003,SKU022,2,54.29,3.12,26.0,Ecom,CMP017
T0003883,2026-06-28,ST011,C00073,SKU035,1,89.54,10.92,45.5,Ecom,
T0003884,2026-06-28,ST012,C00058,SKU021,1,28.98,0.0,10.5,Ecom,
T0003885,2026-06-28,ST001,C00266,SKU014,2,231.17,0.0,86.0,Store,
T0003886,2026-06-28,ST007,C00101,SKU036,1,94.46,11.52,48.0,Store,
T0003887,2026-06-28,ST008,,SKU035,1,125.58,0.0,45.5,Store,
T0003888,2026-06-28,ST017,C00141,SKU020,1,20.54,0.96,8.0,Store,
T0003889,2026-06-29,ST013,C00046,SKU015,1,116.84,5.46,45.5,Store,CMP015
T0003890,2026-06-29,ST006,C00205,SKU037,1,106.66,0.0,50.5,Store,
T0003891,2026-06-29,ST017,,SKU007,2,137.09,0.0,51.0,Store,
T0003892,2026-06-29,ST006,,SKU035,1,96.1,0.0,45.5,Ecom,
T0003893,2026-06-29,ST003,C00061,SKU027,1,53.24,3.06,25.5,Ecom,
T0003894,2026-06-29,ST013,,SKU005,1,52.64,2.46,20.5,Store,
